CREATE TABLE IF NOT EXISTS "plugins" ("plugin_id" INTEGER NOT NULL,"name" TEXT UNIQUE, PRIMARY KEY("plugin_id" AUTOINCREMENT));
CREATE TABLE IF NOT EXISTS "scans" ("scan_id" INTEGER NOT NULL,	"config_id"	INTEGER NOT NULL,"plugin_id"	INTEGER NOT NULL,	"target_id"	INTEGER NOT NULL,	"version"	TEXT,	"os"	TEXT,	"string"	TEXT,	"account"	TEXT,	"model"	TEXT,	"firmware"	TEXT,	"module"	TEXT,"filepath"	TEXT,"certainty"	TEXT,PRIMARY KEY("scan_id" AUTOINCREMENT));
CREATE TABLE IF NOT EXISTS "request_configs" ("config_id"	INTEGER NOT NULL,"value"	TEXT NOT NULL,PRIMARY KEY("config_id" AUTOINCREMENT));
CREATE TABLE IF NOT EXISTS "targets" ("target_id"	INTEGER NOT NULL,"target"	TEXT,"status"	TEXT,"LastUpdate"	TEXT DEFAULT CURRENT_DATE,PRIMARY KEY("target_id" AUTOINCREMENT),UNIQUE("target","status"));
INSERT INTO "plugins" VALUES (1,'Custom-Plugin');
INSERT INTO "plugins" VALUES (2,'Grep');
INSERT INTO "plugins" VALUES (3,'1024-CMS');
INSERT INTO "plugins" VALUES (4,'1&1 Hosting');
INSERT INTO "plugins" VALUES (5,'360-Web-Manager');
INSERT INTO "plugins" VALUES (6,'3COM-NBX');
INSERT INTO "plugins" VALUES (7,'3dcart');
INSERT INTO "plugins" VALUES (8,'4D');
INSERT INTO "plugins" VALUES (9,'4images');
INSERT INTO "plugins" VALUES (10,'68-Classifieds-Script');
INSERT INTO "plugins" VALUES (11,'6kbbs');
INSERT INTO "plugins" VALUES (12,'Aardvark-Topsites-PHP');
INSERT INTO "plugins" VALUES (13,'AB-WEB-CMS');
INSERT INTO "plugins" VALUES (14,'ABO_CMS');
INSERT INTO "plugins" VALUES (15,'Abyss-Web-Server');
INSERT INTO "plugins" VALUES (16,'acarsd');
INSERT INTO "plugins" VALUES (17,'Accellion-Secure-File-Transfer');
INSERT INTO "plugins" VALUES (18,'Access-Control-Allow-Methods');
INSERT INTO "plugins" VALUES (19,'Acclipse');
INSERT INTO "plugins" VALUES (20,'AChecker');
INSERT INTO "plugins" VALUES (21,'Acidcat-CMS');
INSERT INTO "plugins" VALUES (22,'Acme_Serve');
INSERT INTO "plugins" VALUES (23,'ACollab');
INSERT INTO "plugins" VALUES (24,'AContent');
INSERT INTO "plugins" VALUES (25,'ACTi-Web-Configurator');
INSERT INTO "plugins" VALUES (26,'activeCollab');
INSERT INTO "plugins" VALUES (27,'ActiveHTML');
INSERT INTO "plugins" VALUES (28,'activeWeb-Content-Server');
INSERT INTO "plugins" VALUES (29,'ActiveX');
INSERT INTO "plugins" VALUES (30,'Ad-Network-Script');
INSERT INTO "plugins" VALUES (31,'AdaptCMS');
INSERT INTO "plugins" VALUES (32,'Adcon-Telemetry-Gateway');
INSERT INTO "plugins" VALUES (33,'AddThis');
INSERT INTO "plugins" VALUES (34,'Adobe-Connect');
INSERT INTO "plugins" VALUES (35,'Adobe-Flash');
INSERT INTO "plugins" VALUES (36,'AdSubtract');
INSERT INTO "plugins" VALUES (37,'ADTRAN-Device');
INSERT INTO "plugins" VALUES (38,'Advanced-Guestbook');
INSERT INTO "plugins" VALUES (39,'Advanced-Image-Hosting-Script');
INSERT INTO "plugins" VALUES (40,'AdvanceDigital');
INSERT INTO "plugins" VALUES (41,'Advantech-WebAccess');
INSERT INTO "plugins" VALUES (42,'adxstudio-cms');
INSERT INTO "plugins" VALUES (43,'AEF');
INSERT INTO "plugins" VALUES (44,'AfterLogic-WebMail-Pro');
INSERT INTO "plugins" VALUES (45,'AiCart');
INSERT INTO "plugins" VALUES (46,'AIDeX-Webserver');
INSERT INTO "plugins" VALUES (47,'AirOS');
INSERT INTO "plugins" VALUES (48,'AirTiesRouter');
INSERT INTO "plugins" VALUES (49,'AirvaeCommerce');
INSERT INTO "plugins" VALUES (50,'AJ-Auction-Pro');
INSERT INTO "plugins" VALUES (51,'AJA-Video-Converter');
INSERT INTO "plugins" VALUES (52,'Akamai-Global-Host');
INSERT INTO "plugins" VALUES (53,'Akiva-WebBoard');
INSERT INTO "plugins" VALUES (54,'Aladdin-HASP-License-Manager');
INSERT INTO "plugins" VALUES (55,'Alcatel-Lucent-Omniswitch');
INSERT INTO "plugins" VALUES (56,'All-in-one-SEO-Pack');
INSERT INTO "plugins" VALUES (57,'Allegro-RomPager');
INSERT INTO "plugins" VALUES (58,'Allen-Bradley-PLC');
INSERT INTO "plugins" VALUES (59,'Allinta-CMS');
INSERT INTO "plugins" VALUES (60,'AllNewsManager_NET');
INSERT INTO "plugins" VALUES (61,'Allomani-E-Store');
INSERT INTO "plugins" VALUES (62,'Allow');
INSERT INTO "plugins" VALUES (63,'Alpha-Five');
INSERT INTO "plugins" VALUES (64,'AlstraSoft-AskMe');
INSERT INTO "plugins" VALUES (65,'AlstraSoft-EPay-Enterprise');
INSERT INTO "plugins" VALUES (66,'Alt-N-MDaemon-WorldClient');
INSERT INTO "plugins" VALUES (67,'Alter-Native');
INSERT INTO "plugins" VALUES (68,'AlumniServer');
INSERT INTO "plugins" VALUES (69,'AM4SS');
INSERT INTO "plugins" VALUES (70,'AmazonElasticLoadBalancer');
INSERT INTO "plugins" VALUES (71,'AMDSoFT');
INSERT INTO "plugins" VALUES (72,'Amiro-CMS');
INSERT INTO "plugins" VALUES (73,'AMR-WinControl');
INSERT INTO "plugins" VALUES (74,'AMX-Mod-X');
INSERT INTO "plugins" VALUES (75,'Ananyoo-CMS');
INSERT INTO "plugins" VALUES (76,'ANECMS');
INSERT INTO "plugins" VALUES (77,'Antiboard');
INSERT INTO "plugins" VALUES (78,'AnyGate');
INSERT INTO "plugins" VALUES (79,'anyInventory');
INSERT INTO "plugins" VALUES (80,'AOLserver');
INSERT INTO "plugins" VALUES (81,'AP-Router');
INSERT INTO "plugins" VALUES (82,'Apache-Archiva');
INSERT INTO "plugins" VALUES (83,'Apache-Cocoon');
INSERT INTO "plugins" VALUES (84,'Apache-CouchDB');
INSERT INTO "plugins" VALUES (85,'Apache-Forrest');
INSERT INTO "plugins" VALUES (86,'Apache-Struts');
INSERT INTO "plugins" VALUES (87,'Apache-Tomcat');
INSERT INTO "plugins" VALUES (88,'Apache-Traffic-Server');
INSERT INTO "plugins" VALUES (89,'Apache-Wicket');
INSERT INTO "plugins" VALUES (90,'Apache');
INSERT INTO "plugins" VALUES (91,'APC-InfraStruXure-Manager');
INSERT INTO "plugins" VALUES (92,'APC-UPS-Management-Card');
INSERT INTO "plugins" VALUES (93,'ApPHP-Calendar');
INSERT INTO "plugins" VALUES (94,'AppleIDiskServer');
INSERT INTO "plugins" VALUES (95,'Applet');
INSERT INTO "plugins" VALUES (96,'AppServ');
INSERT INTO "plugins" VALUES (97,'Arab-Portal');
INSERT INTO "plugins" VALUES (98,'ArGoSoft-Mail-Server');
INSERT INTO "plugins" VALUES (99,'ARRIS-Touchstone-Router');
INSERT INTO "plugins" VALUES (100,'ArticlePublisherPRO');
INSERT INTO "plugins" VALUES (101,'Artiphp-CMS');
INSERT INTO "plugins" VALUES (102,'Aruba-Device');
INSERT INTO "plugins" VALUES (103,'Aruba-Mobility-Controller-Config-File');
INSERT INTO "plugins" VALUES (104,'ashnews');
INSERT INTO "plugins" VALUES (105,'ASP-Nuke');
INSERT INTO "plugins" VALUES (106,'ASP_NET');
INSERT INTO "plugins" VALUES (107,'ASPForum');
INSERT INTO "plugins" VALUES (108,'ASPilot-Cart');
INSERT INTO "plugins" VALUES (109,'ASProxy');
INSERT INTO "plugins" VALUES (110,'ASPThai_Net-Webboard');
INSERT INTO "plugins" VALUES (111,'aspWebLinks');
INSERT INTO "plugins" VALUES (112,'Astaro-Command-Center');
INSERT INTO "plugins" VALUES (113,'Astaro-End-User-Portal');
INSERT INTO "plugins" VALUES (114,'Astaro-Security-Gateway');
INSERT INTO "plugins" VALUES (115,'Asterisk');
INSERT INTO "plugins" VALUES (116,'Atlassian-JIRA');
INSERT INTO "plugins" VALUES (117,'Atmail-WebMail');
INSERT INTO "plugins" VALUES (118,'Atomic-CMS');
INSERT INTO "plugins" VALUES (119,'Atomic-Photo-Album');
INSERT INTO "plugins" VALUES (120,'ATutor');
INSERT INTO "plugins" VALUES (121,'Atvise-webMI');
INSERT INTO "plugins" VALUES (122,'Aurion');
INSERT INTO "plugins" VALUES (123,'Auto-CMS');
INSERT INTO "plugins" VALUES (124,'AutoIndex-PHP-Script');
INSERT INTO "plugins" VALUES (125,'Auxilium-PetRatePro');
INSERT INTO "plugins" VALUES (126,'AV-Arcade');
INSERT INTO "plugins" VALUES (127,'AvantFAX');
INSERT INTO "plugins" VALUES (128,'Avaya-Aura-Utility-Server');
INSERT INTO "plugins" VALUES (129,'Avaya-IP-Office');
INSERT INTO "plugins" VALUES (130,'Avaya-Secure-Router');
INSERT INTO "plugins" VALUES (131,'Avocent-DSView');
INSERT INTO "plugins" VALUES (132,'AVTech-Video-Web-Server');
INSERT INTO "plugins" VALUES (133,'AWStats');
INSERT INTO "plugins" VALUES (134,'AxCMS_net');
INSERT INTO "plugins" VALUES (135,'Axel-Device');
INSERT INTO "plugins" VALUES (136,'Axentra-HipServ');
INSERT INTO "plugins" VALUES (137,'Axigen-Mail-Server');
INSERT INTO "plugins" VALUES (138,'Axis-Commerce');
INSERT INTO "plugins" VALUES (139,'Axis-Network-Camera');
INSERT INTO "plugins" VALUES (140,'Axis-PrintServer');
INSERT INTO "plugins" VALUES (141,'Axous');
INSERT INTO "plugins" VALUES (142,'axTLS');
INSERT INTO "plugins" VALUES (143,'Axway-SecureTransport');
INSERT INTO "plugins" VALUES (144,'AzureCloud');
INSERT INTO "plugins" VALUES (145,'b2evolution');
INSERT INTO "plugins" VALUES (146,'BAAP-Mobile-Version');
INSERT INTO "plugins" VALUES (147,'BAB_Stats');
INSERT INTO "plugins" VALUES (148,'BackBee');
INSERT INTO "plugins" VALUES (149,'BackupPC');
INSERT INTO "plugins" VALUES (150,'BadBehaviourAntiSpamPlugin');
INSERT INTO "plugins" VALUES (151,'BadBlue');
INSERT INTO "plugins" VALUES (152,'Barracuda-Backup-Server');
INSERT INTO "plugins" VALUES (153,'Barracuda-Load-Balancer');
INSERT INTO "plugins" VALUES (154,'Barracuda-Spam-Firewall');
INSERT INTO "plugins" VALUES (155,'Barracuda-Waf');
INSERT INTO "plugins" VALUES (156,'Barts-CMS');
INSERT INTO "plugins" VALUES (157,'BASE');
INSERT INTO "plugins" VALUES (158,'Basic-PHP-Events-Lister');
INSERT INTO "plugins" VALUES (159,'Basilic');
INSERT INTO "plugins" VALUES (160,'Batavi');
INSERT INTO "plugins" VALUES (161,'Battle-Blog');
INSERT INTO "plugins" VALUES (162,'bbPress');
INSERT INTO "plugins" VALUES (163,'BEA-WebLogic-Server');
INSERT INTO "plugins" VALUES (164,'BeEF');
INSERT INTO "plugins" VALUES (165,'Belkin-Modem');
INSERT INTO "plugins" VALUES (166,'Ben-SSL');
INSERT INTO "plugins" VALUES (167,'Bentley-Systems-ProjectWise');
INSERT INTO "plugins" VALUES (168,'BestShopPro');
INSERT INTO "plugins" VALUES (169,'BIGACE');
INSERT INTO "plugins" VALUES (170,'BigCommerce');
INSERT INTO "plugins" VALUES (171,'BigDump');
INSERT INTO "plugins" VALUES (172,'Billion-Router');
INSERT INTO "plugins" VALUES (173,'BinarySec-Firewall');
INSERT INTO "plugins" VALUES (174,'Bing-SearchEngine');
INSERT INTO "plugins" VALUES (175,'BinGoPHP-News');
INSERT INTO "plugins" VALUES (176,'Biromsoft-WebCam');
INSERT INTO "plugins" VALUES (177,'Biscom-Delivery-Server');
INSERT INTO "plugins" VALUES (178,'bitcoin-js-remote');
INSERT INTO "plugins" VALUES (179,'BitKeeper');
INSERT INTO "plugins" VALUES (180,'Bitrix-Site-Manager');
INSERT INTO "plugins" VALUES (181,'bitweaver');
INSERT INTO "plugins" VALUES (182,'BlackJumboDog');
INSERT INTO "plugins" VALUES (183,'Blazix');
INSERT INTO "plugins" VALUES (184,'BlogEngine_NET');
INSERT INTO "plugins" VALUES (185,'Blogger');
INSERT INTO "plugins" VALUES (186,'BlognPlus');
INSERT INTO "plugins" VALUES (187,'BlogSmithMedia');
INSERT INTO "plugins" VALUES (188,'BloofoxCMS');
INSERT INTO "plugins" VALUES (189,'BLOX');
INSERT INTO "plugins" VALUES (190,'Blue-Coat-ProxySG');
INSERT INTO "plugins" VALUES (191,'BlueDragon');
INSERT INTO "plugins" VALUES (192,'BlueNet-Video-Server');
INSERT INTO "plugins" VALUES (193,'BlueNet-Video');
INSERT INTO "plugins" VALUES (194,'BlueOnyx');
INSERT INTO "plugins" VALUES (195,'BlueQuartz');
INSERT INTO "plugins" VALUES (196,'BM-Classifieds');
INSERT INTO "plugins" VALUES (197,'BMC-Remedy');
INSERT INTO "plugins" VALUES (198,'Boa-WebServer');
INSERT INTO "plugins" VALUES (199,'boastMachine');
INSERT INTO "plugins" VALUES (200,'Bobo');
INSERT INTO "plugins" VALUES (201,'Bomgar');
INSERT INTO "plugins" VALUES (202,'BOOKSolved');
INSERT INTO "plugins" VALUES (203,'BoonEx-Dolphin');
INSERT INTO "plugins" VALUES (204,'BosClassifieds');
INSERT INTO "plugins" VALUES (205,'BrewBlogger');
INSERT INTO "plugins" VALUES (206,'Brightcove');
INSERT INTO "plugins" VALUES (207,'BroadWin-WebAccess');
INSERT INTO "plugins" VALUES (208,'Brother-Fax');
INSERT INTO "plugins" VALUES (209,'Brother-Printer');
INSERT INTO "plugins" VALUES (210,'BrowserCMS');
INSERT INTO "plugins" VALUES (211,'bSpeak');
INSERT INTO "plugins" VALUES (212,'Buddy-Zone');
INSERT INTO "plugins" VALUES (213,'BugFree');
INSERT INTO "plugins" VALUES (214,'BugTracker.NET');
INSERT INTO "plugins" VALUES (215,'Bulletlink-Newspaper-Template');
INSERT INTO "plugins" VALUES (216,'Burning-Board-Lite');
INSERT INTO "plugins" VALUES (217,'BusinessSpace');
INSERT INTO "plugins" VALUES (218,'BXR');
INSERT INTO "plugins" VALUES (219,'c99-Shell');
INSERT INTO "plugins" VALUES (220,'CA-SiteMinder');
INSERT INTO "plugins" VALUES (221,'Cachelogic-Expired-Domains-Script');
INSERT INTO "plugins" VALUES (222,'Cacti');
INSERT INTO "plugins" VALUES (223,'CactuShop');
INSERT INTO "plugins" VALUES (224,'CafeEngine');
INSERT INTO "plugins" VALUES (225,'Calendarix');
INSERT INTO "plugins" VALUES (226,'CalendarScript');
INSERT INTO "plugins" VALUES (227,'CaLogic-Calendars');
INSERT INTO "plugins" VALUES (228,'Calypso-ION-8r-Device');
INSERT INTO "plugins" VALUES (229,'CameraLife');
INSERT INTO "plugins" VALUES (230,'Campsite');
INSERT INTO "plugins" VALUES (231,'Canon-Network-Camera');
INSERT INTO "plugins" VALUES (232,'Canon-Print-Server');
INSERT INTO "plugins" VALUES (233,'Canon-Printer');
INSERT INTO "plugins" VALUES (234,'cApexWEB');
INSERT INTO "plugins" VALUES (235,'Car-Portal');
INSERT INTO "plugins" VALUES (236,'Card-Reader-Adapter');
INSERT INTO "plugins" VALUES (237,'Carel-Data-Server');
INSERT INTO "plugins" VALUES (238,'Carrier-CCNWeb');
INSERT INTO "plugins" VALUES (239,'Cartweaver');
INSERT INTO "plugins" VALUES (240,'CAStor');
INSERT INTO "plugins" VALUES (241,'Caudium');
INSERT INTO "plugins" VALUES (242,'CaupoShop-Classic');
INSERT INTO "plugins" VALUES (243,'CBS-Interactive');
INSERT INTO "plugins" VALUES (244,'CDK Connected Website');
INSERT INTO "plugins" VALUES (245,'CDN-Cache-Server');
INSERT INTO "plugins" VALUES (246,'Censura');
INSERT INTO "plugins" VALUES (247,'Centreon');
INSERT INTO "plugins" VALUES (248,'Cerberus-Helpdesk');
INSERT INTO "plugins" VALUES (249,'CERN');
INSERT INTO "plugins" VALUES (250,'CERVIS');
INSERT INTO "plugins" VALUES (251,'CF-Image-Hosting-Script');
INSERT INTO "plugins" VALUES (252,'CGI-Backdoor');
INSERT INTO "plugins" VALUES (253,'CGI:IRC');
INSERT INTO "plugins" VALUES (254,'CGIProxy');
INSERT INTO "plugins" VALUES (255,'cgit');
INSERT INTO "plugins" VALUES (256,'Chamilo');
INSERT INTO "plugins" VALUES (257,'CHANCE-i-DiViS-DVR');
INSERT INTO "plugins" VALUES (258,'Check-Point-Firewall');
INSERT INTO "plugins" VALUES (259,'Check-Point-SSL-Network-Extender');
INSERT INTO "plugins" VALUES (260,'Cherokee');
INSERT INTO "plugins" VALUES (261,'ChiliProject');
INSERT INTO "plugins" VALUES (262,'chillyCMS');
INSERT INTO "plugins" VALUES (263,'ChinaCache');
INSERT INTO "plugins" VALUES (264,'Cimplicity-WebView');
INSERT INTO "plugins" VALUES (265,'cInvoice');
INSERT INTO "plugins" VALUES (266,'Cisco-ACE-XML-Gateway');
INSERT INTO "plugins" VALUES (267,'Cisco-ACE');
INSERT INTO "plugins" VALUES (268,'Cisco-Adaptive-Security-Appliance');
INSERT INTO "plugins" VALUES (269,'Cisco-IOS');
INSERT INTO "plugins" VALUES (270,'Cisco-IP-Phone');
INSERT INTO "plugins" VALUES (271,'Cisco-VPN-3000-Concentrator');
INSERT INTO "plugins" VALUES (272,'Citrix-Access-Gateway');
INSERT INTO "plugins" VALUES (273,'Citrix-ConfProxy');
INSERT INTO "plugins" VALUES (274,'Citrix-Metaframe');
INSERT INTO "plugins" VALUES (275,'Citrix-NetScaler');
INSERT INTO "plugins" VALUES (276,'Citrix-Web-PN-Server');
INSERT INTO "plugins" VALUES (277,'Citrix-XenServer');
INSERT INTO "plugins" VALUES (278,'CitrusDB');
INSERT INTO "plugins" VALUES (279,'CitusCMS');
INSERT INTO "plugins" VALUES (280,'CL-HTTP');
INSERT INTO "plugins" VALUES (281,'ClanSphere');
INSERT INTO "plugins" VALUES (282,'Claroline');
INSERT INTO "plugins" VALUES (283,'Clearwell-E-Discovery');
INSERT INTO "plugins" VALUES (284,'ClickMotive');
INSERT INTO "plugins" VALUES (285,'ClickTale');
INSERT INTO "plugins" VALUES (286,'Clicky');
INSERT INTO "plugins" VALUES (287,'ClientExec');
INSERT INTO "plugins" VALUES (288,'ClipBucket');
INSERT INTO "plugins" VALUES (289,'ClipShare');
INSERT INTO "plugins" VALUES (290,'CloudFlare');
INSERT INTO "plugins" VALUES (291,'CloudFront');
INSERT INTO "plugins" VALUES (292,'cm3-cms');
INSERT INTO "plugins" VALUES (293,'CMS-Made-Simple');
INSERT INTO "plugins" VALUES (294,'CMS-WebManager-Pro');
INSERT INTO "plugins" VALUES (295,'CMScontrol');
INSERT INTO "plugins" VALUES (296,'CMScout');
INSERT INTO "plugins" VALUES (297,'CMSimple');
INSERT INTO "plugins" VALUES (298,'CMSQLite');
INSERT INTO "plugins" VALUES (299,'CmyDocument');
INSERT INTO "plugins" VALUES (300,'CodeIgniter-PHP-Framework');
INSERT INTO "plugins" VALUES (301,'CoDeSys-Web-Visualization');
INSERT INTO "plugins" VALUES (302,'CodeIgniterProfiler');
INSERT INTO "plugins" VALUES (303,'Cogent-DataHub');
INSERT INTO "plugins" VALUES (304,'ColdFusion');
INSERT INTO "plugins" VALUES (305,'Collabtive');
INSERT INTO "plugins" VALUES (306,'CollegiateLink');
INSERT INTO "plugins" VALUES (307,'Comanche');
INSERT INTO "plugins" VALUES (308,'ComersusCart');
INSERT INTO "plugins" VALUES (309,'Commerce-Builder');
INSERT INTO "plugins" VALUES (310,'CommonSpot');
INSERT INTO "plugins" VALUES (311,'CommuniGate-Pro');
INSERT INTO "plugins" VALUES (312,'Comprafacil');
INSERT INTO "plugins" VALUES (313,'Concrete5');
INSERT INTO "plugins" VALUES (314,'Conexant-EmWeb');
INSERT INTO "plugins" VALUES (315,'Confluence');
INSERT INTO "plugins" VALUES (316,'ConfTool');
INSERT INTO "plugins" VALUES (317,'Connect2');
INSERT INTO "plugins" VALUES (318,'Connectix-Boards');
INSERT INTO "plugins" VALUES (319,'ConnectUPS-X');
INSERT INTO "plugins" VALUES (320,'Constructr-CMS');
INSERT INTO "plugins" VALUES (321,'Contao');
INSERT INTO "plugins" VALUES (322,'Content-Language');
INSERT INTO "plugins" VALUES (323,'Content-Security-Policy');
INSERT INTO "plugins" VALUES (324,'Contentteller-CMS');
INSERT INTO "plugins" VALUES (325,'ContentXXL');
INSERT INTO "plugins" VALUES (326,'Contrexx-CMS');
INSERT INTO "plugins" VALUES (327,'Controlstar-SCADA');
INSERT INTO "plugins" VALUES (328,'Cookies');
INSERT INTO "plugins" VALUES (329,'Coppermine');
INSERT INTO "plugins" VALUES (330,'CouchPotato');
INSERT INTO "plugins" VALUES (331,'Cougar');
INSERT INTO "plugins" VALUES (332,'Country');
INSERT INTO "plugins" VALUES (333,'Covalent-Enterprise-Ready-Server');
INSERT INTO "plugins" VALUES (334,'coWiki');
INSERT INTO "plugins" VALUES (335,'CoyotePoint-Load-Balancer');
INSERT INTO "plugins" VALUES (336,'cPanel');
INSERT INTO "plugins" VALUES (337,'cPassMan');
INSERT INTO "plugins" VALUES (338,'cpCommerce');
INSERT INTO "plugins" VALUES (339,'CraftCMS');
INSERT INTO "plugins" VALUES (340,'CrazyEgg');
INSERT INTO "plugins" VALUES (341,'CreateLive-Cms');
INSERT INTO "plugins" VALUES (342,'crossdomain_xml');
INSERT INTO "plugins" VALUES (343,'CrushFTP');
INSERT INTO "plugins" VALUES (344,'CruxCMS');
INSERT INTO "plugins" VALUES (345,'CruxPA');
INSERT INTO "plugins" VALUES (346,'CS-Cart');
INSERT INTO "plugins" VALUES (347,'CSCSSM');
INSERT INTO "plugins" VALUES (348,'CubeCart');
INSERT INTO "plugins" VALUES (349,'CultBooking');
INSERT INTO "plugins" VALUES (350,'CUPS');
INSERT INTO "plugins" VALUES (351,'CushyCMS');
INSERT INTO "plugins" VALUES (352,'Custom-CMS');
INSERT INTO "plugins" VALUES (353,'CuteFlow');
INSERT INTO "plugins" VALUES (354,'Cyberoam-Appliance');
INSERT INTO "plugins" VALUES (355,'Cybozu-Garoon');
INSERT INTO "plugins" VALUES (356,'Cyn_in');
INSERT INTO "plugins" VALUES (357,'Cype-MSCMS');
INSERT INTO "plugins" VALUES (358,'D-Link-Network-Camera');
INSERT INTO "plugins" VALUES (359,'D-Link-Router');
INSERT INTO "plugins" VALUES (360,'Dada-Mail');
INSERT INTO "plugins" VALUES (361,'DaDaBIK');
INSERT INTO "plugins" VALUES (362,'Daffodil-CRM');
INSERT INTO "plugins" VALUES (363,'Daisy');
INSERT INTO "plugins" VALUES (364,'darkstat');
INSERT INTO "plugins" VALUES (365,'Dart-WebServer-Tool');
INSERT INTO "plugins" VALUES (366,'Data-ONTAP');
INSERT INTO "plugins" VALUES (367,'DataflexViNE-VoIP-IAD');
INSERT INTO "plugins" VALUES (368,'DataLife-Engine');
INSERT INTO "plugins" VALUES (369,'DataNet');
INSERT INTO "plugins" VALUES (370,'Datum-TymServe');
INSERT INTO "plugins" VALUES (371,'David-WebBox');
INSERT INTO "plugins" VALUES (372,'Day-Communique');
INSERT INTO "plugins" VALUES (373,'DBHcms');
INSERT INTO "plugins" VALUES (374,'DD-WRT');
INSERT INTO "plugins" VALUES (375,'Dedicated-Micros-Device');
INSERT INTO "plugins" VALUES (376,'DeleGate');
INSERT INTO "plugins" VALUES (377,'Dell-KACE-Appliance');
INSERT INTO "plugins" VALUES (378,'Dell-Printer');
INSERT INTO "plugins" VALUES (379,'Dell-Remote-Access-Controller');
INSERT INTO "plugins" VALUES (380,'Deluge-web');
INSERT INTO "plugins" VALUES (381,'DeluxeBB');
INSERT INTO "plugins" VALUES (382,'DemandWare eCommerce System');
INSERT INTO "plugins" VALUES (383,'DiamondList');
INSERT INTO "plugins" VALUES (384,'Diaspora');
INSERT INTO "plugins" VALUES (385,'DiBos');
INSERT INTO "plugins" VALUES (386,'Diferior-CMS');
INSERT INTO "plugins" VALUES (387,'DigiOz-Guestbook');
INSERT INTO "plugins" VALUES (388,'Digital-Scribe');
INSERT INTO "plugins" VALUES (389,'dir2web-CMS');
INSERT INTO "plugins" VALUES (390,'Direct-Packet-Device');
INSERT INTO "plugins" VALUES (391,'DirectAdmin');
INSERT INTO "plugins" VALUES (392,'DiY-CMS');
INSERT INTO "plugins" VALUES (393,'Django');
INSERT INTO "plugins" VALUES (394,'DLI-LPC');
INSERT INTO "plugins" VALUES (395,'DMXReady-Members-Area-Manager');
INSERT INTO "plugins" VALUES (396,'DMXReady-Portfolio-Manager');
INSERT INTO "plugins" VALUES (397,'DMXReady-Secure-Document-Library');
INSERT INTO "plugins" VALUES (398,'DnP-Firewall');
INSERT INTO "plugins" VALUES (399,'DoceboLMS');
INSERT INTO "plugins" VALUES (400,'Dokeos');
INSERT INTO "plugins" VALUES (401,'DokuWiki');
INSERT INTO "plugins" VALUES (402,'Dolphin');
INSERT INTO "plugins" VALUES (403,'Donations-Cloud');
INSERT INTO "plugins" VALUES (404,'DORG');
INSERT INTO "plugins" VALUES (405,'DotA-OpenStats');
INSERT INTO "plugins" VALUES (406,'dotclear');
INSERT INTO "plugins" VALUES (407,'DotCMS');
INSERT INTO "plugins" VALUES (408,'dotDefender');
INSERT INTO "plugins" VALUES (409,'DotNetNuke');
INSERT INTO "plugins" VALUES (410,'Dr-Web-Anti-Virus');
INSERT INTO "plugins" VALUES (411,'Dradis-Framework');
INSERT INTO "plugins" VALUES (412,'Dreambox');
INSERT INTO "plugins" VALUES (413,'DrugPak');
INSERT INTO "plugins" VALUES (414,'Drupal');
INSERT INTO "plugins" VALUES (415,'DSpace');
INSERT INTO "plugins" VALUES (416,'DT-Centrepiece');
INSERT INTO "plugins" VALUES (417,'DublinCore');
INSERT INTO "plugins" VALUES (418,'DUclassified');
INSERT INTO "plugins" VALUES (419,'DUforum');
INSERT INTO "plugins" VALUES (420,'DUgallery');
INSERT INTO "plugins" VALUES (421,'DV-Cart');
INSERT INTO "plugins" VALUES (422,'DVR-WebClient');
INSERT INTO "plugins" VALUES (423,'DVWA');
INSERT INTO "plugins" VALUES (424,'dwr');
INSERT INTO "plugins" VALUES (425,'DXSock');
INSERT INTO "plugins" VALUES (426,'DynamicWeb');
INSERT INTO "plugins" VALUES (427,'DynaWeb-httpd');
INSERT INTO "plugins" VALUES (428,'DZCP');
INSERT INTO "plugins" VALUES (429,'E-Manage-MySchool');
INSERT INTO "plugins" VALUES (430,'E-Xoopport');
INSERT INTO "plugins" VALUES (431,'EarlyImpact-ProductCart');
INSERT INTO "plugins" VALUES (432,'Easy-File-Sharing-Web-Server');
INSERT INTO "plugins" VALUES (433,'Easy-Site-Edit');
INSERT INTO "plugins" VALUES (434,'EasyConsole-CMS');
INSERT INTO "plugins" VALUES (435,'EasyFeeds');
INSERT INTO "plugins" VALUES (436,'easyLink-Web-Solutions');
INSERT INTO "plugins" VALUES (437,'EazyCMS');
INSERT INTO "plugins" VALUES (438,'eBuilding-Network-Controller');
INSERT INTO "plugins" VALUES (439,'Echo');
INSERT INTO "plugins" VALUES (440,'Ecomat-CMS');
INSERT INTO "plugins" VALUES (441,'ECShop');
INSERT INTO "plugins" VALUES (442,'EdgePrism');
INSERT INTO "plugins" VALUES (443,'EDIMAX');
INSERT INTO "plugins" VALUES (444,'eDirectory');
INSERT INTO "plugins" VALUES (445,'Edito-CMS');
INSERT INTO "plugins" VALUES (446,'EDK');
INSERT INTO "plugins" VALUES (447,'?');
INSERT INTO "plugins" VALUES (448,'eFront');
INSERT INTO "plugins" VALUES (449,'eGroupWare');
INSERT INTO "plugins" VALUES (450,'Ektron-CMS');
INSERT INTO "plugins" VALUES (451,'Electro-Industries-GaugeTech');
INSERT INTO "plugins" VALUES (452,'Elite-Gaming-Ladders');
INSERT INTO "plugins" VALUES (453,'eLitius');
INSERT INTO "plugins" VALUES (454,'Elxis-CMS');
INSERT INTO "plugins" VALUES (455,'Email');
INSERT INTO "plugins" VALUES (456,'Embedthis-AppWeb');
INSERT INTO "plugins" VALUES (457,'EMC-Documentum-Webtop');
INSERT INTO "plugins" VALUES (458,'EMC-NetWorker');
INSERT INTO "plugins" VALUES (459,'eMeeting-Online-Dating-Software');
INSERT INTO "plugins" VALUES (460,'EMO-Realty-Manager');
INSERT INTO "plugins" VALUES (461,'Empire-CMS');
INSERT INTO "plugins" VALUES (462,'EMS-ENTRY-COM');
INSERT INTO "plugins" VALUES (463,'Energine');
INSERT INTO "plugins" VALUES (464,'Enhydra-Application-Server');
INSERT INTO "plugins" VALUES (465,'Enigma2');
INSERT INTO "plugins" VALUES (466,'Entrans');
INSERT INTO "plugins" VALUES (467,'envezion~media');
INSERT INTO "plugins" VALUES (468,'enVision');
INSERT INTO "plugins" VALUES (469,'Epic-Web-Honeypot');
INSERT INTO "plugins" VALUES (470,'EPiServer');
INSERT INTO "plugins" VALUES (471,'Epiware');
INSERT INTO "plugins" VALUES (472,'Epson-Printer');
INSERT INTO "plugins" VALUES (473,'Ericsson-TV-Web-Server');
INSERT INTO "plugins" VALUES (474,'error_log');
INSERT INTO "plugins" VALUES (475,'Escenic');
INSERT INTO "plugins" VALUES (476,'Eserv');
INSERT INTO "plugins" VALUES (477,'eSitesBuilder');
INSERT INTO "plugins" VALUES (478,'esoTalk');
INSERT INTO "plugins" VALUES (479,'Essentia-Web-Server');
INSERT INTO "plugins" VALUES (480,'Esvon-Classifieds');
INSERT INTO "plugins" VALUES (481,'eSyndiCat');
INSERT INTO "plugins" VALUES (482,'Etano');
INSERT INTO "plugins" VALUES (483,'ethProxy');
INSERT INTO "plugins" VALUES (484,'eTicket');
INSERT INTO "plugins" VALUES (485,'EulerianWS');
INSERT INTO "plugins" VALUES (486,'evercookie');
INSERT INTO "plugins" VALUES (487,'EverFocus-CCTV');
INSERT INTO "plugins" VALUES (488,'Evo-Cam');
INSERT INTO "plugins" VALUES (489,'Exponent-CMS');
INSERT INTO "plugins" VALUES (490,'ExpressionEngine');
INSERT INTO "plugins" VALUES (491,'ExtJS');
INSERT INTO "plugins" VALUES (492,'eXtplorer');
INSERT INTO "plugins" VALUES (493,'ExtremeWare');
INSERT INTO "plugins" VALUES (494,'ez-oscommerce');
INSERT INTO "plugins" VALUES (495,'eZ-Publish');
INSERT INTO "plugins" VALUES (496,'ezBOO-WebStats');
INSERT INTO "plugins" VALUES (497,'EZCMS');
INSERT INTO "plugins" VALUES (498,'F3Site');
INSERT INTO "plugins" VALUES (499,'F5-BigIP');
INSERT INTO "plugins" VALUES (500,'Facebook-Plugin');
INSERT INTO "plugins" VALUES (501,'Falcon-Web-Server');
INSERT INTO "plugins" VALUES (502,'FastCGI-echo');
INSERT INTO "plugins" VALUES (503,'Fastpublish-CMS');
INSERT INTO "plugins" VALUES (504,'FatWire-Content-Server');
INSERT INTO "plugins" VALUES (505,'FBI-Takedown-Notice');
INSERT INTO "plugins" VALUES (506,'FCMS');
INSERT INTO "plugins" VALUES (507,'FestOS');
INSERT INTO "plugins" VALUES (508,'FEX');
INSERT INTO "plugins" VALUES (509,'Fidion-CMS');
INSERT INTO "plugins" VALUES (510,'File-Upload-Manager');
INSERT INTO "plugins" VALUES (511,'FileMakerPro');
INSERT INTO "plugins" VALUES (512,'FileNice');
INSERT INTO "plugins" VALUES (513,'FileVista');
INSERT INTO "plugins" VALUES (514,'FirePHP');
INSERT INTO "plugins" VALUES (515,'FITELnet-Router');
INSERT INTO "plugins" VALUES (516,'Fizmez-Web-Server');
INSERT INTO "plugins" VALUES (517,'Flat-File-Guestbook');
INSERT INTO "plugins" VALUES (518,'Flax-Article-Manager');
INSERT INTO "plugins" VALUES (519,'FluentNET');
INSERT INTO "plugins" VALUES (520,'Fluid-Dynamics-Search-Engine');
INSERT INTO "plugins" VALUES (521,'FluxBB');
INSERT INTO "plugins" VALUES (522,'Flyspray');
INSERT INTO "plugins" VALUES (523,'fnord');
INSERT INTO "plugins" VALUES (524,'Footprint');
INSERT INTO "plugins" VALUES (525,'Forest-Blog');
INSERT INTO "plugins" VALUES (526,'FormMail');
INSERT INTO "plugins" VALUES (527,'Fortinet-Firewall');
INSERT INTO "plugins" VALUES (528,'FortiWeb');
INSERT INTO "plugins" VALUES (529,'Fossil');
INSERT INTO "plugins" VALUES (530,'Fpoll');
INSERT INTO "plugins" VALUES (531,'Frame');
INSERT INTO "plugins" VALUES (532,'FreakAuth');
INSERT INTO "plugins" VALUES (533,'Free-Realty');
INSERT INTO "plugins" VALUES (534,'Free-Simple-Software');
INSERT INTO "plugins" VALUES (535,'FreeJoomlas_com');
INSERT INTO "plugins" VALUES (536,'FreeNAC');
INSERT INTO "plugins" VALUES (537,'FreeNAS');
INSERT INTO "plugins" VALUES (538,'FreePBX');
INSERT INTO "plugins" VALUES (539,'FrogCMS');
INSERT INTO "plugins" VALUES (540,'FrontPage-Extensions');
INSERT INTO "plugins" VALUES (541,'FrontPage-Personal-Web-Server');
INSERT INTO "plugins" VALUES (542,'fsaATLAS');
INSERT INTO "plugins" VALUES (543,'Fujitsu-InfoProvider-Pro');
INSERT INTO "plugins" VALUES (544,'Fujitsu-Router');
INSERT INTO "plugins" VALUES (545,'Fujitsu-Switch');
INSERT INTO "plugins" VALUES (546,'Fujitsu-Wireless-AP');
INSERT INTO "plugins" VALUES (547,'Funkwerk-Gateway');
INSERT INTO "plugins" VALUES (548,'FusionBB');
INSERT INTO "plugins" VALUES (549,'Gallarific');
INSERT INTO "plugins" VALUES (550,'Gallery');
INSERT INTO "plugins" VALUES (551,'Ganglia');
INSERT INTO "plugins" VALUES (552,'Gannett');
INSERT INTO "plugins" VALUES (553,'GateQuest-PHP-Site-Recommender');
INSERT INTO "plugins" VALUES (554,'gCards');
INSERT INTO "plugins" VALUES (555,'GearHost');
INSERT INTO "plugins" VALUES (556,'GeekLog');
INSERT INTO "plugins" VALUES (557,'GeneXus');
INSERT INTO "plugins" VALUES (558,'GenOHM-SCADA');
INSERT INTO "plugins" VALUES (559,'Geobytes-GeoSelect');
INSERT INTO "plugins" VALUES (560,'GeoHttpServer');
INSERT INTO "plugins" VALUES (561,'GeoNode');
INSERT INTO "plugins" VALUES (562,'GeoServer');
INSERT INTO "plugins" VALUES (563,'GetSimple');
INSERT INTO "plugins" VALUES (564,'Gitorious');
INSERT INTO "plugins" VALUES (565,'gitstat');
INSERT INTO "plugins" VALUES (566,'Gitweb');
INSERT INTO "plugins" VALUES (567,'glFusion');
INSERT INTO "plugins" VALUES (568,'Glossword');
INSERT INTO "plugins" VALUES (569,'GoAhead-Webs');
INSERT INTO "plugins" VALUES (570,'Google-Analytics');
INSERT INTO "plugins" VALUES (571,'Google-API');
INSERT INTO "plugins" VALUES (572,'Google-Hack-Honeypot');
INSERT INTO "plugins" VALUES (573,'Google-Maps');
INSERT INTO "plugins" VALUES (574,'Google-Results');
INSERT INTO "plugins" VALUES (575,'Google-Search-Appliance');
INSERT INTO "plugins" VALUES (576,'Google-Talk-Chatback');
INSERT INTO "plugins" VALUES (577,'Gordano-Messaging-Suite');
INSERT INTO "plugins" VALUES (578,'GoServe');
INSERT INTO "plugins" VALUES (579,'Gossamer-Forum');
INSERT INTO "plugins" VALUES (580,'GpsGate-Server');
INSERT INTO "plugins" VALUES (581,'Grandstream-Phone');
INSERT INTO "plugins" VALUES (582,'GrandTec-X-Guard');
INSERT INTO "plugins" VALUES (583,'GridSite');
INSERT INTO "plugins" VALUES (584,'Group-Office');
INSERT INTO "plugins" VALUES (585,'gSOAP');
INSERT INTO "plugins" VALUES (586,'GuppY');
INSERT INTO "plugins" VALUES (587,'H3C-SecBlade-FireWall');
INSERT INTO "plugins" VALUES (588,'HAProxy');
INSERT INTO "plugins" VALUES (589,'Harris-NetVX');
INSERT INTO "plugins" VALUES (590,'HeiTel-Digital-Video-Device');
INSERT INTO "plugins" VALUES (591,'Help-Desk-Software');
INSERT INTO "plugins" VALUES (592,'HESK');
INSERT INTO "plugins" VALUES (593,'HighWire-Press');
INSERT INTO "plugins" VALUES (594,'Hiki');
INSERT INTO "plugins" VALUES (595,'HikVision');
INSERT INTO "plugins" VALUES (596,'Hitbox-Gateway');
INSERT INTO "plugins" VALUES (597,'HiveMail');
INSERT INTO "plugins" VALUES (598,'HoloCMS');
INSERT INTO "plugins" VALUES (599,'Home-Control-Box');
INSERT INTO "plugins" VALUES (600,'HopfTimeServer');
INSERT INTO "plugins" VALUES (601,'Horde-Application-Framework');
INSERT INTO "plugins" VALUES (602,'HostBill');
INSERT INTO "plugins" VALUES (603,'Hot-Banana');
INSERT INTO "plugins" VALUES (604,'Hotaru-CMS');
INSERT INTO "plugins" VALUES (605,'HP-LaserJet-Printer');
INSERT INTO "plugins" VALUES (606,'HP-OfficeJet-Printer');
INSERT INTO "plugins" VALUES (607,'HP-Printer');
INSERT INTO "plugins" VALUES (608,'HP-ProCurve-Switch');
INSERT INTO "plugins" VALUES (609,'HP-SiteScope');
INSERT INTO "plugins" VALUES (610,'HP-StorageWorks-Library');
INSERT INTO "plugins" VALUES (611,'HP-System-Management-Homepage');
INSERT INTO "plugins" VALUES (612,'HP-Virtual-Connect-Manager');
INSERT INTO "plugins" VALUES (613,'HTML5');
INSERT INTO "plugins" VALUES (614,'htpasswd');
INSERT INTO "plugins" VALUES (615,'Http-Explorer');
INSERT INTO "plugins" VALUES (616,'HTTPServer');
INSERT INTO "plugins" VALUES (617,'HttpFileServer');
INSERT INTO "plugins" VALUES (618,'HttpOnly');
INSERT INTO "plugins" VALUES (619,'Huawei-Firewall');
INSERT INTO "plugins" VALUES (620,'Huawei-Quidway-Switch');
INSERT INTO "plugins" VALUES (621,'HubSpot');
INSERT INTO "plugins" VALUES (622,'Hughes-Satellite-Router');
INSERT INTO "plugins" VALUES (623,'Hughes-Voice-Appliance');
INSERT INTO "plugins" VALUES (624,'Hunt-Electronics-CCTV');
INSERT INTO "plugins" VALUES (625,'Hybrid-Cluster');
INSERT INTO "plugins" VALUES (626,'Hycus-CMS');
INSERT INTO "plugins" VALUES (627,'HyNetOS-httpd');
INSERT INTO "plugins" VALUES (628,'Hyperic-HQ');
INSERT INTO "plugins" VALUES (629,'Hyperwave-IS');
INSERT INTO "plugins" VALUES (630,'i-Catcher-Console');
INSERT INTO "plugins" VALUES (631,'i-Gallery');
INSERT INTO "plugins" VALUES (632,'I-O-DATA-Router');
INSERT INTO "plugins" VALUES (633,'iLON-SmartServer');
INSERT INTO "plugins" VALUES (634,'i3micro');
INSERT INTO "plugins" VALUES (635,'IB-Lite');
INSERT INTO "plugins" VALUES (636,'IBM-BladeCenter');
INSERT INTO "plugins" VALUES (637,'IBM-CICS-Transaction-Server');
INSERT INTO "plugins" VALUES (638,'IBM-Cognos');
INSERT INTO "plugins" VALUES (639,'IBM-HTTP-Server');
INSERT INTO "plugins" VALUES (640,'IBM-Internet-Connection-Server');
INSERT INTO "plugins" VALUES (641,'IBM-Remote-Supervisor-Adapter');
INSERT INTO "plugins" VALUES (642,'IBM-Web-Traffic-Express-Caching-Proxy');
INSERT INTO "plugins" VALUES (643,'IBM-WebSEAL');
INSERT INTO "plugins" VALUES (644,'IBM-WebSphere-DataPower');
INSERT INTO "plugins" VALUES (645,'IBM-WebSphere');
INSERT INTO "plugins" VALUES (646,'Icecast');
INSERT INTO "plugins" VALUES (647,'ICEshop');
INSERT INTO "plugins" VALUES (648,'IceWarp-Email-Server');
INSERT INTO "plugins" VALUES (649,'IceWarp-Server');
INSERT INTO "plugins" VALUES (650,'Iciniti-Store');
INSERT INTO "plugins" VALUES (651,'ICOM-Router');
INSERT INTO "plugins" VALUES (652,'IdeaWebServer');
INSERT INTO "plugins" VALUES (653,'iDVR');
INSERT INTO "plugins" VALUES (654,'iGaming-CMS');
INSERT INTO "plugins" VALUES (655,'iGiveTest');
INSERT INTO "plugins" VALUES (656,'iGuard-Security-System');
INSERT INTO "plugins" VALUES (657,'iHTML');
INSERT INTO "plugins" VALUES (658,'Ikonboard');
INSERT INTO "plugins" VALUES (659,'Ilient-SysAid');
INSERT INTO "plugins" VALUES (660,'iLO');
INSERT INTO "plugins" VALUES (661,'Imageview');
INSERT INTO "plugins" VALUES (662,'IMGallery');
INSERT INTO "plugins" VALUES (663,'imperva-securesphere');
INSERT INTO "plugins" VALUES (664,'ImpressPages-CMS');
INSERT INTO "plugins" VALUES (665,'Incapsula-WAF');
INSERT INTO "plugins" VALUES (666,'Index-Of');
INSERT INTO "plugins" VALUES (667,'Indices');
INSERT INTO "plugins" VALUES (668,'Indico');
INSERT INTO "plugins" VALUES (669,'Infinet-bCX1-Controller-Router');
INSERT INTO "plugins" VALUES (670,'Infinet-Wireless-WANFleX-Router');
INSERT INTO "plugins" VALUES (671,'Infomaster');
INSERT INTO "plugins" VALUES (672,'Informatics-CMS');
INSERT INTO "plugins" VALUES (673,'Infotrak-Oil-Commander');
INSERT INTO "plugins" VALUES (674,'Inktomi-Search');
INSERT INTO "plugins" VALUES (675,'Inout-Adserver');
INSERT INTO "plugins" VALUES (676,'Inout-Article-Base');
INSERT INTO "plugins" VALUES (677,'Inout-Music');
INSERT INTO "plugins" VALUES (678,'Intellinet-IP-Camera');
INSERT INTO "plugins" VALUES (679,'Intermec-EasyLAN');
INSERT INTO "plugins" VALUES (680,'Internet-Cluster-Manager');
INSERT INTO "plugins" VALUES (681,'Internet-Rimon-Filter');
INSERT INTO "plugins" VALUES (682,'InterRed');
INSERT INTO "plugins" VALUES (683,'Interspire-Shopping-Cart');
INSERT INTO "plugins" VALUES (684,'Intoto-Router');
INSERT INTO "plugins" VALUES (685,'Intrasrv');
INSERT INTO "plugins" VALUES (686,'Intraxxion-CMS');
INSERT INTO "plugins" VALUES (687,'Intrinsyc-deviceWEB');
INSERT INTO "plugins" VALUES (688,'InverseFlow-Help-Desk-System');
INSERT INTO "plugins" VALUES (689,'InvisionPowerBoard');
INSERT INTO "plugins" VALUES (690,'ionCube-Loader');
INSERT INTO "plugins" VALUES (691,'ionCube-PHP-Accelerator');
INSERT INTO "plugins" VALUES (692,'Ionize-CMS');
INSERT INTO "plugins" VALUES (693,'IP-Logger-Pro');
INSERT INTO "plugins" VALUES (694,'IP');
INSERT INTO "plugins" VALUES (695,'IPCop-Firewall');
INSERT INTO "plugins" VALUES (696,'iPeer');
INSERT INTO "plugins" VALUES (697,'IPMATE-Router');
INSERT INTO "plugins" VALUES (698,'Ipswitch-IMail');
INSERT INTO "plugins" VALUES (699,'ipTIME-Router');
INSERT INTO "plugins" VALUES (700,'IQeye-Netcam');
INSERT INTO "plugins" VALUES (701,'iRealty');
INSERT INTO "plugins" VALUES (702,'ISC-SCADA-Service');
INSERT INTO "plugins" VALUES (703,'iScripts-CyberMatch');
INSERT INTO "plugins" VALUES (704,'iScripts-EasySnaps');
INSERT INTO "plugins" VALUES (705,'iScripts-MultiCart');
INSERT INTO "plugins" VALUES (706,'iScripts-ReserveLogic');
INSERT INTO "plugins" VALUES (707,'iScripts-SocialWare');
INSERT INTO "plugins" VALUES (708,'Isolsoft-Support-Center');
INSERT INTO "plugins" VALUES (709,'ISPConfig');
INSERT INTO "plugins" VALUES (710,'ispCP-Omega');
INSERT INTO "plugins" VALUES (711,'iTalkBB');
INSERT INTO "plugins" VALUES (712,'iTop');
INSERT INTO "plugins" VALUES (713,'IWSS-Proxy');
INSERT INTO "plugins" VALUES (714,'JagoanStore-CMS');
INSERT INTO "plugins" VALUES (715,'JAMM-CMS');
INSERT INTO "plugins" VALUES (716,'Jamroom');
INSERT INTO "plugins" VALUES (717,'Jasig-CAS');
INSERT INTO "plugins" VALUES (718,'Java-Management-Extensions');
INSERT INTO "plugins" VALUES (719,'Java-Password-Log');
INSERT INTO "plugins" VALUES (720,'Java');
INSERT INTO "plugins" VALUES (721,'JBoss');
INSERT INTO "plugins" VALUES (722,'jCore');
INSERT INTO "plugins" VALUES (723,'Jcow');
INSERT INTO "plugins" VALUES (724,'Jenkins');
INSERT INTO "plugins" VALUES (725,'jetNEXUS-Load-Balancer');
INSERT INTO "plugins" VALUES (726,'Jetty');
INSERT INTO "plugins" VALUES (727,'JEUS');
INSERT INTO "plugins" VALUES (728,'JGS-Portal');
INSERT INTO "plugins" VALUES (729,'Jigsaw');
INSERT INTO "plugins" VALUES (730,'Jive-SBS');
INSERT INTO "plugins" VALUES (731,'jobberBase');
INSERT INTO "plugins" VALUES (732,'Joomla');
INSERT INTO "plugins" VALUES (733,'JQuery');
INSERT INTO "plugins" VALUES (734,'Juniper-Load-Balancer');
INSERT INTO "plugins" VALUES (735,'Juniper-NetScreen-Secure-Access');
INSERT INTO "plugins" VALUES (736,'JustAnswer-Professional');
INSERT INTO "plugins" VALUES (737,'JW-Player');
INSERT INTO "plugins" VALUES (738,'JXT-Consulting');
INSERT INTO "plugins" VALUES (739,'Kibana');
INSERT INTO "plugins" VALUES (740,'KaiBB');
INSERT INTO "plugins" VALUES (741,'Kajona');
INSERT INTO "plugins" VALUES (742,'Kampyle');
INSERT INTO "plugins" VALUES (743,'Kandidat-CMS');
INSERT INTO "plugins" VALUES (744,'Karrigell');
INSERT INTO "plugins" VALUES (745,'Kayako-SupportSuite');
INSERT INTO "plugins" VALUES (746,'KaZaA');
INSERT INTO "plugins" VALUES (747,'Kedacom-TrueSens');
INSERT INTO "plugins" VALUES (748,'Keil-Embedded-WEB-Server');
INSERT INTO "plugins" VALUES (749,'Kentico-CMS');
INSERT INTO "plugins" VALUES (750,'Kerio-Connect');
INSERT INTO "plugins" VALUES (751,'Kerio-WebSTAR');
INSERT INTO "plugins" VALUES (752,'Kerio-WinRoute-Firewall');
INSERT INTO "plugins" VALUES (753,'KeyFocus-WebServer');
INSERT INTO "plugins" VALUES (754,'Kinja');
INSERT INTO "plugins" VALUES (755,'Kleeja');
INSERT INTO "plugins" VALUES (756,'Kloxo-Single-Server');
INSERT INTO "plugins" VALUES (757,'KMSoft-Guestbook');
INSERT INTO "plugins" VALUES (758,'Knopflerfish-HTTP-Server');
INSERT INTO "plugins" VALUES (759,'KnowledgeTree');
INSERT INTO "plugins" VALUES (760,'Koala-Web-Server');
INSERT INTO "plugins" VALUES (761,'KodiTV');
INSERT INTO "plugins" VALUES (762,'Koha');
INSERT INTO "plugins" VALUES (763,'Kohana');
INSERT INTO "plugins" VALUES (764,'Kolab');
INSERT INTO "plugins" VALUES (765,'Konica-Minolta-Printer');
INSERT INTO "plugins" VALUES (766,'Kontaktformular');
INSERT INTO "plugins" VALUES (767,'Koobi');
INSERT INTO "plugins" VALUES (768,'Kordil-EDMS');
INSERT INTO "plugins" VALUES (769,'KSearch');
INSERT INTO "plugins" VALUES (770,'KSS');
INSERT INTO "plugins" VALUES (771,'Kyocera-Printer');
INSERT INTO "plugins" VALUES (772,'LabVIEW');
INSERT INTO "plugins" VALUES (773,'LANCOM-Device');
INSERT INTO "plugins" VALUES (774,'LANCOM-VPN');
INSERT INTO "plugins" VALUES (775,'LandShop');
INSERT INTO "plugins" VALUES (776,'LanRTC');
INSERT INTO "plugins" VALUES (777,'Lantronix-Device');
INSERT INTO "plugins" VALUES (778,'Laravel');
INSERT INTO "plugins" VALUES (779,'Lasernet-CMS');
INSERT INTO "plugins" VALUES (780,'LaserWash');
INSERT INTO "plugins" VALUES (781,'Lasso-Web-Data-Engine');
INSERT INTO "plugins" VALUES (782,'LEAP');
INSERT INTO "plugins" VALUES (783,'LetoDMS');
INSERT INTO "plugins" VALUES (784,'Level1-Router');
INSERT INTO "plugins" VALUES (785,'libwww-perl-daemon');
INSERT INTO "plugins" VALUES (786,'Liferay');
INSERT INTO "plugins" VALUES (787,'LifeSize-Control');
INSERT INTO "plugins" VALUES (788,'LifeType');
INSERT INTO "plugins" VALUES (789,'Lightbox');
INSERT INTO "plugins" VALUES (790,'LightNEasy');
INSERT INTO "plugins" VALUES (791,'lighttpd');
INSERT INTO "plugins" VALUES (792,'Lime-Survey');
INSERT INTO "plugins" VALUES (793,'LINK-CMS');
INSERT INTO "plugins" VALUES (794,'linkSpheric');
INSERT INTO "plugins" VALUES (795,'Linksys-NAS');
INSERT INTO "plugins" VALUES (796,'Linksys-Network-Camera');
INSERT INTO "plugins" VALUES (797,'Linksys-Print-Server');
INSERT INTO "plugins" VALUES (798,'Linksys-Router');
INSERT INTO "plugins" VALUES (799,'Linksys-USB-HDD');
INSERT INTO "plugins" VALUES (800,'Linksys-Wireless-G-Camera');
INSERT INTO "plugins" VALUES (801,'LISTSERV');
INSERT INTO "plugins" VALUES (802,'LiteRadius');
INSERT INTO "plugins" VALUES (803,'LiteSpeed');
INSERT INTO "plugins" VALUES (804,'Lithium');
INSERT INTO "plugins" VALUES (805,'LiveZilla');
INSERT INTO "plugins" VALUES (806,'LK-IHC-Controller');
INSERT INTO "plugins" VALUES (807,'LocazoList-Classifieds');
INSERT INTO "plugins" VALUES (808,'lochDNS-MyDNS-Appliance');
INSERT INTO "plugins" VALUES (809,'Log1-CMS');
INSERT INTO "plugins" VALUES (810,'Loggix');
INSERT INTO "plugins" VALUES (811,'Lotus-Domino');
INSERT INTO "plugins" VALUES (812,'Lotus-Notes-Traveler');
INSERT INTO "plugins" VALUES (813,'LotusCMS');
INSERT INTO "plugins" VALUES (814,'LPSE');
INSERT INTO "plugins" VALUES (815,'LuCI');
INSERT INTO "plugins" VALUES (816,'Lusca-Web-Proxy-Cache');
INSERT INTO "plugins" VALUES (817,'Lussumo-Vanilla');
INSERT INTO "plugins" VALUES (818,'LuxCal');
INSERT INTO "plugins" VALUES (819,'LXR');
INSERT INTO "plugins" VALUES (820,'LynxGuide');
INSERT INTO "plugins" VALUES (821,'Lyris-ListManager');
INSERT INTO "plugins" VALUES (822,'M2Soft-RDServer');
INSERT INTO "plugins" VALUES (823,'Mac-OSX-Server');
INSERT INTO "plugins" VALUES (824,'MacHTTP');
INSERT INTO "plugins" VALUES (825,'MACOS-Personal-Websharing');
INSERT INTO "plugins" VALUES (826,'Macs-CMS');
INSERT INTO "plugins" VALUES (827,'Magento');
INSERT INTO "plugins" VALUES (828,'MagImageBank');
INSERT INTO "plugins" VALUES (829,'Mahara');
INSERT INTO "plugins" VALUES (830,'MailEnable');
INSERT INTO "plugins" VALUES (831,'MailForm-Plugin');
INSERT INTO "plugins" VALUES (832,'Mailman');
INSERT INTO "plugins" VALUES (833,'MailSiteExpress');
INSERT INTO "plugins" VALUES (834,'Mambo');
INSERT INTO "plugins" VALUES (835,'Managed-Fusion-Url-Rewriter');
INSERT INTO "plugins" VALUES (836,'ManageEngine-Applications-Manager');
INSERT INTO "plugins" VALUES (837,'ManageEngine-DeviceExpert');
INSERT INTO "plugins" VALUES (838,'MantisBT');
INSERT INTO "plugins" VALUES (839,'MapServer-4-Windows');
INSERT INTO "plugins" VALUES (840,'MapServer');
INSERT INTO "plugins" VALUES (841,'Mark-of-the-Web');
INSERT INTO "plugins" VALUES (842,'Mashery-Proxy');
INSERT INTO "plugins" VALUES (843,'Mason');
INSERT INTO "plugins" VALUES (844,'Mathopd');
INSERT INTO "plugins" VALUES (845,'MaxMind-GeoIP');
INSERT INTO "plugins" VALUES (846,'McAfee-ePolicy-Orchestrator');
INSERT INTO "plugins" VALUES (847,'McAfee-Secure');
INSERT INTO "plugins" VALUES (848,'McClatchy-Interactive');
INSERT INTO "plugins" VALUES (849,'MD-Pro');
INSERT INTO "plugins" VALUES (850,'MediaWiki');
INSERT INTO "plugins" VALUES (851,'MeetingPlaza');
INSERT INTO "plugins" VALUES (852,'MeiTrack');
INSERT INTO "plugins" VALUES (853,'MemHT-Portal');
INSERT INTO "plugins" VALUES (854,'Mercurial');
INSERT INTO "plugins" VALUES (855,'Meta-Author');
INSERT INTO "plugins" VALUES (856,'MetaGenerator');
INSERT INTO "plugins" VALUES (857,'Meta-Geo');
INSERT INTO "plugins" VALUES (858,'MetaPoweredBy');
INSERT INTO "plugins" VALUES (859,'Meta-Refresh-Redirect');
INSERT INTO "plugins" VALUES (860,'MetInfo');
INSERT INTO "plugins" VALUES (861,'Mezzanine');
INSERT INTO "plugins" VALUES (862,'MGB-OpenSource-Guestbook');
INSERT INTO "plugins" VALUES (863,'MHttpd');
INSERT INTO "plugins" VALUES (864,'Mibew-Messenger');
INSERT INTO "plugins" VALUES (865,'Micro-CMS');
INSERT INTO "plugins" VALUES (866,'Micronet-Router');
INSERT INTO "plugins" VALUES (867,'Microsoft-HTTPAPI');
INSERT INTO "plugins" VALUES (868,'Microsoft-IIS');
INSERT INTO "plugins" VALUES (869,'Microsoft-Office-XML');
INSERT INTO "plugins" VALUES (870,'Microsoft-Remote-Web-Workplace');
INSERT INTO "plugins" VALUES (871,'Microsoft-Sharepoint');
INSERT INTO "plugins" VALUES (872,'Microsoft-SQL-Server-Report-Manager');
INSERT INTO "plugins" VALUES (873,'Microsoft-WinCE');
INSERT INTO "plugins" VALUES (874,'Microsoft-Windows-Business-Server');
INSERT INTO "plugins" VALUES (875,'MicrosoftOfficeWebServer');
INSERT INTO "plugins" VALUES (876,'Microsoft-ODBC-Error');
INSERT INTO "plugins" VALUES (877,'Microsys-PROMOTIC');
INSERT INTO "plugins" VALUES (878,'micro_httpd');
INSERT INTO "plugins" VALUES (879,'Mihalism-Multi-Host');
INSERT INTO "plugins" VALUES (880,'MikroTik');
INSERT INTO "plugins" VALUES (881,'MikroTik-RouterOS');
INSERT INTO "plugins" VALUES (882,'Minecraft-Server');
INSERT INTO "plugins" VALUES (883,'Miniature-JWS');
INSERT INTO "plugins" VALUES (884,'MiniBB');
INSERT INTO "plugins" VALUES (885,'MiniCWB');
INSERT INTO "plugins" VALUES (886,'Minify');
INSERT INTO "plugins" VALUES (887,'Mint');
INSERT INTO "plugins" VALUES (888,'Mioot-Live-Chat');
INSERT INTO "plugins" VALUES (889,'Mirapoint-Email-Appliance');
INSERT INTO "plugins" VALUES (890,'Mission-Control-Application-Shield');
INSERT INTO "plugins" VALUES (891,'MistCMS');
INSERT INTO "plugins" VALUES (892,'MivaMerchant');
INSERT INTO "plugins" VALUES (893,'MJNioHttpDaemon');
INSERT INTO "plugins" VALUES (894,'MKPortal');
INSERT INTO "plugins" VALUES (895,'MnoGoSearch');
INSERT INTO "plugins" VALUES (896,'Mobile-Joomla');
INSERT INTO "plugins" VALUES (897,'MobilityGuard');
INSERT INTO "plugins" VALUES (898,'Mobotix-Network-Camera');
INSERT INTO "plugins" VALUES (899,'MochiWeb');
INSERT INTO "plugins" VALUES (900,'Modernizr');
INSERT INTO "plugins" VALUES (901,'ModLogAn');
INSERT INTO "plugins" VALUES (902,'ModxCMS');
INSERT INTO "plugins" VALUES (903,'mojoPortal');
INSERT INTO "plugins" VALUES (904,'MongoDB');
INSERT INTO "plugins" VALUES (905,'Mongrel');
INSERT INTO "plugins" VALUES (906,'Monkey');
INSERT INTO "plugins" VALUES (907,'Moodle');
INSERT INTO "plugins" VALUES (908,'MoonFruit');
INSERT INTO "plugins" VALUES (909,'MooTools');
INSERT INTO "plugins" VALUES (910,'Motorito');
INSERT INTO "plugins" VALUES (911,'Movable-Type');
INSERT INTO "plugins" VALUES (912,'Moxa-NPort-Device');
INSERT INTO "plugins" VALUES (913,'MoxaHttp');
INSERT INTO "plugins" VALUES (914,'MRTG');
INSERT INTO "plugins" VALUES (915,'MS-SDK-HttpServer');
INSERT INTO "plugins" VALUES (916,'MSFWeb');
INSERT INTO "plugins" VALUES (917,'MSGS');
INSERT INTO "plugins" VALUES (918,'MShift');
INSERT INTO "plugins" VALUES (919,'MultiPowUpload');
INSERT INTO "plugins" VALUES (920,'Mura-CMS');
INSERT INTO "plugins" VALUES (921,'Musicbox');
INSERT INTO "plugins" VALUES (922,'Muster-Render-Farm');
INSERT INTO "plugins" VALUES (923,'My-PHP-Indexer');
INSERT INTO "plugins" VALUES (924,'My-WebCamXP-Server');
INSERT INTO "plugins" VALUES (925,'MyBB');
INSERT INTO "plugins" VALUES (926,'MyHobbySite');
INSERT INTO "plugins" VALUES (927,'MyioSoft-Ajax-Portal');
INSERT INTO "plugins" VALUES (928,'MyPHP-Forum');
INSERT INTO "plugins" VALUES (929,'MYRE-PHP');
INSERT INTO "plugins" VALUES (930,'MyShell');
INSERT INTO "plugins" VALUES (931,'MySource-Matrix');
INSERT INTO "plugins" VALUES (932,'MySQL-dump');
INSERT INTO "plugins" VALUES (933,'mySQL-Error');
INSERT INTO "plugins" VALUES (934,'MySqlDumper');
INSERT INTO "plugins" VALUES (935,'MySQLMan');
INSERT INTO "plugins" VALUES (936,'mysql_connect');
INSERT INTO "plugins" VALUES (937,'MyWebFTP');
INSERT INTO "plugins" VALUES (938,'MyZone');
INSERT INTO "plugins" VALUES (939,'Nabble');
INSERT INTO "plugins" VALUES (940,'Namazu');
INSERT INTO "plugins" VALUES (941,'NaviCOPA');
INSERT INTO "plugins" VALUES (942,'NCR-iTRAN-3000t-Imaging-Transport');
INSERT INTO "plugins" VALUES (943,'NCSA-HTTPd');
INSERT INTO "plugins" VALUES (944,'Nera-SatLink');
INSERT INTO "plugins" VALUES (945,'net2ftp');
INSERT INTO "plugins" VALUES (946,'Net2Phone');
INSERT INTO "plugins" VALUES (947,'NetApp-NAS');
INSERT INTO "plugins" VALUES (948,'netboard');
INSERT INTO "plugins" VALUES (949,'NetBotz-Network-Monitoring-Device');
INSERT INTO "plugins" VALUES (950,'NetBox');
INSERT INTO "plugins" VALUES (951,'NetCache-Appliance');
INSERT INTO "plugins" VALUES (952,'NetComm-Wireless-HotSpot-Gateway');
INSERT INTO "plugins" VALUES (953,'NetGear-Firewall');
INSERT INTO "plugins" VALUES (954,'NetGear-Print-Server');
INSERT INTO "plugins" VALUES (955,'Netgear-Router');
INSERT INTO "plugins" VALUES (956,'Netious-CMS');
INSERT INTO "plugins" VALUES (957,'Netjuke');
INSERT INTO "plugins" VALUES (958,'NetPort');
INSERT INTO "plugins" VALUES (959,'NetPresenz');
INSERT INTO "plugins" VALUES (960,'Netquery');
INSERT INTO "plugins" VALUES (961,'Netref');
INSERT INTO "plugins" VALUES (962,'Netscape-Enterprise');
INSERT INTO "plugins" VALUES (963,'Netscape-FastTrack');
INSERT INTO "plugins" VALUES (964,'NetShelter-VPN');
INSERT INTO "plugins" VALUES (965,'Netsnap-Web-Camera');
INSERT INTO "plugins" VALUES (966,'NetSuite');
INSERT INTO "plugins" VALUES (967,'Netsweeper');
INSERT INTO "plugins" VALUES (968,'NetTalk-WebServer');
INSERT INTO "plugins" VALUES (969,'Nette-Framework');
INSERT INTO "plugins" VALUES (970,'NetVehicle');
INSERT INTO "plugins" VALUES (971,'NetWin-DBabble');
INSERT INTO "plugins" VALUES (972,'NetWin-Surgemail');
INSERT INTO "plugins" VALUES (973,'Network-Tracker');
INSERT INTO "plugins" VALUES (974,'NetworX');
INSERT INTO "plugins" VALUES (975,'NewBayMediaWebsite');
INSERT INTO "plugins" VALUES (976,'Newscoop');
INSERT INTO "plugins" VALUES (977,'newswall');
INSERT INTO "plugins" VALUES (978,'NeXpose-Security-Console');
INSERT INTO "plugins" VALUES (979,'NextGEN-Gallery');
INSERT INTO "plugins" VALUES (980,'NexusPHP');
INSERT INTO "plugins" VALUES (981,'nginx');
INSERT INTO "plugins" VALUES (982,'Niagara-Web-Server');
INSERT INTO "plugins" VALUES (983,'NinkoBB');
INSERT INTO "plugins" VALUES (984,'Nintendo-DS');
INSERT INTO "plugins" VALUES (985,'Nintendo-GameCube');
INSERT INTO "plugins" VALUES (986,'Nintendo-Wii');
INSERT INTO "plugins" VALUES (987,'Nmap-Log');
INSERT INTO "plugins" VALUES (988,'nopCommerce');
INSERT INTO "plugins" VALUES (989,'Nortel-Ethernet-Routing-Switch-Config-File');
INSERT INTO "plugins" VALUES (990,'Nortel-Router');
INSERT INTO "plugins" VALUES (991,'NoticeBoardPro');
INSERT INTO "plugins" VALUES (992,'Novell-Groupwise');
INSERT INTO "plugins" VALUES (993,'Novell-iChain');
INSERT INTO "plugins" VALUES (994,'Novell-NetWare');
INSERT INTO "plugins" VALUES (995,'Novell-Open-Enterprise-Server');
INSERT INTO "plugins" VALUES (996,'Novell-Sentinel-Log-Manager');
INSERT INTO "plugins" VALUES (997,'noVNC');
INSERT INTO "plugins" VALUES (998,'NSFocus');
INSERT INTO "plugins" VALUES (999,'ntop');
INSERT INTO "plugins" VALUES (1000,'Nucleus-CMS');
INSERT INTO "plugins" VALUES (1001,'Nucleus');
INSERT INTO "plugins" VALUES (1002,'Nukedit');
INSERT INTO "plugins" VALUES (1003,'NukeViet-CMS');
INSERT INTO "plugins" VALUES (1004,'O2Micro-Firewall');
INSERT INTO "plugins" VALUES (1005,'Object');
INSERT INTO "plugins" VALUES (1006,'OBM');
INSERT INTO "plugins" VALUES (1007,'Oce');
INSERT INTO "plugins" VALUES (1008,'Open Commerce Platform');
INSERT INTO "plugins" VALUES (1009,'ocPortal');
INSERT INTO "plugins" VALUES (1010,'OCS-Inventory-NG');
INSERT INTO "plugins" VALUES (1011,'Octopussy');
INSERT INTO "plugins" VALUES (1012,'Odoo');
INSERT INTO "plugins" VALUES (1013,'OkiPBX');
INSERT INTO "plugins" VALUES (1014,'OKI-Printer');
INSERT INTO "plugins" VALUES (1015,'OLAT');
INSERT INTO "plugins" VALUES (1016,'OneFileCMS');
INSERT INTO "plugins" VALUES (1017,'Online-Grades');
INSERT INTO "plugins" VALUES (1018,'ONZE-Miner');
INSERT INTO "plugins" VALUES (1019,'Op5-Monitor');
INSERT INTO "plugins" VALUES (1020,'Op5-Statistics');
INSERT INTO "plugins" VALUES (1021,'Open-Admin-for-Schools');
INSERT INTO "plugins" VALUES (1022,'Open-Auto-Classifieds');
INSERT INTO "plugins" VALUES (1023,'Open-Blog');
INSERT INTO "plugins" VALUES (1024,'Open-Freeway');
INSERT INTO "plugins" VALUES (1025,'Open-Graph-Protocol');
INSERT INTO "plugins" VALUES (1026,'Open-Realty');
INSERT INTO "plugins" VALUES (1027,'Open-Xchange');
INSERT INTO "plugins" VALUES (1028,'OpenCart');
INSERT INTO "plugins" VALUES (1029,'OpenCms');
INSERT INTO "plugins" VALUES (1030,'OpenConf');
INSERT INTO "plugins" VALUES (1031,'OpenDocMan');
INSERT INTO "plugins" VALUES (1032,'OpenEMR');
INSERT INTO "plugins" VALUES (1033,'openEngine');
INSERT INTO "plugins" VALUES (1034,'Openfiler');
INSERT INTO "plugins" VALUES (1035,'OpenI');
INSERT INTO "plugins" VALUES (1036,'OpenID');
INSERT INTO "plugins" VALUES (1037,'OpenKM');
INSERT INTO "plugins" VALUES (1038,'OpenLabyrinth');
INSERT INTO "plugins" VALUES (1039,'OpenLookup');
INSERT INTO "plugins" VALUES (1040,'OpenNewsletter');
INSERT INTO "plugins" VALUES (1041,'OpenNMS');
INSERT INTO "plugins" VALUES (1042,'OpenSSL');
INSERT INTO "plugins" VALUES (1043,'OpenWrt');
INSERT INTO "plugins" VALUES (1044,'OpenX');
INSERT INTO "plugins" VALUES (1045,'OpenSearch');
INSERT INTO "plugins" VALUES (1046,'Oracle-Access-Manager');
INSERT INTO "plugins" VALUES (1047,'Oracle-ADF-Faces');
INSERT INTO "plugins" VALUES (1048,'Oracle-Application-Server');
INSERT INTO "plugins" VALUES (1049,'Oracle-Database');
INSERT INTO "plugins" VALUES (1050,'Oracle-Fusion-Middleware');
INSERT INTO "plugins" VALUES (1051,'Oracle-HTTP-Server');
INSERT INTO "plugins" VALUES (1052,'Oracle-Internet-Application-Server');
INSERT INTO "plugins" VALUES (1053,'Oracle-iPlanet');
INSERT INTO "plugins" VALUES (1054,'Oracle-Primerva');
INSERT INTO "plugins" VALUES (1055,'Oracle-Real-User-Experience-Insight');
INSERT INTO "plugins" VALUES (1056,'Oracle-Siebel-CRM');
INSERT INTO "plugins" VALUES (1057,'Oracle-WebDB');
INSERT INTO "plugins" VALUES (1058,'OrangeHRM');
INSERT INTO "plugins" VALUES (1059,'Orbis-CMS');
INSERT INTO "plugins" VALUES (1060,'ORCA-Platform');
INSERT INTO "plugins" VALUES (1061,'Orenosv');
INSERT INTO "plugins" VALUES (1062,'ORITE-301-Camera');
INSERT INTO "plugins" VALUES (1063,'OSCommerce');
INSERT INTO "plugins" VALUES (1064,'OSSIM');
INSERT INTO "plugins" VALUES (1065,'osTicket');
INSERT INTO "plugins" VALUES (1066,'Open-Source-Ticket-Request-System');
INSERT INTO "plugins" VALUES (1067,'OurDisclaimer');
INSERT INTO "plugins" VALUES (1068,'Outlook-Web-App');
INSERT INTO "plugins" VALUES (1069,'OvBB');
INSERT INTO "plugins" VALUES (1070,'Owl-Intranet-Engine');
INSERT INTO "plugins" VALUES (1071,'OwnServer');
INSERT INTO "plugins" VALUES (1072,'PacketShaper');
INSERT INTO "plugins" VALUES (1073,'PacketWave');
INSERT INTO "plugins" VALUES (1074,'PageCookery-Microblog');
INSERT INTO "plugins" VALUES (1075,'PageUp-People');
INSERT INTO "plugins" VALUES (1076,'Panasonic-Network-Camera');
INSERT INTO "plugins" VALUES (1077,'Pandora-FMS');
INSERT INTO "plugins" VALUES (1078,'Pantheon');
INSERT INTO "plugins" VALUES (1079,'Parallel-Crystal-Load-Balancer');
INSERT INTO "plugins" VALUES (1080,'Parature');
INSERT INTO "plugins" VALUES (1081,'Parked-Domain');
INSERT INTO "plugins" VALUES (1082,'Passenger');
INSERT INTO "plugins" VALUES (1083,'Passport');
INSERT INTO "plugins" VALUES (1084,'PasswordField');
INSERT INTO "plugins" VALUES (1085,'Pc4Uploader');
INSERT INTO "plugins" VALUES (1086,'pcextreme');
INSERT INTO "plugins" VALUES (1087,'PCPIN-Chat');
INSERT INTO "plugins" VALUES (1088,'PEAR');
INSERT INTO "plugins" VALUES (1089,'PegaRULES');
INSERT INTO "plugins" VALUES (1090,'Perfectone-VOIP-Phone');
INSERT INTO "plugins" VALUES (1091,'Perl');
INSERT INTO "plugins" VALUES (1092,'Perlfect-Search');
INSERT INTO "plugins" VALUES (1093,'PG-Real-Estate-Solution');
INSERT INTO "plugins" VALUES (1094,'PG-Roomate-Finder-Solution');
INSERT INTO "plugins" VALUES (1095,'Pharos-LPC');
INSERT INTO "plugins" VALUES (1096,'PhilBoard');
INSERT INTO "plugins" VALUES (1097,'Phion-Firewall');
INSERT INTO "plugins" VALUES (1098,'Phoenix-Contact-Device');
INSERT INTO "plugins" VALUES (1099,'Phorum');
INSERT INTO "plugins" VALUES (1100,'PhotoPost-PHP');
INSERT INTO "plugins" VALUES (1101,'PhotoStore');
INSERT INTO "plugins" VALUES (1102,'PHPCake');
INSERT INTO "plugins" VALUES (1103,'php-Charts');
INSERT INTO "plugins" VALUES (1104,'PHP-CSL');
INSERT INTO "plugins" VALUES (1105,'PHPEasyData');
INSERT INTO "plugins" VALUES (1106,'PHP-Fusion');
INSERT INTO "plugins" VALUES (1107,'PHP-Hosting-Directory');
INSERT INTO "plugins" VALUES (1108,'PHP-Layers');
INSERT INTO "plugins" VALUES (1109,'PHP-Link-Directory');
INSERT INTO "plugins" VALUES (1110,'PHP-Live');
INSERT INTO "plugins" VALUES (1111,'PHP-Mall');
INSERT INTO "plugins" VALUES (1112,'PhpMesFilms');
INSERT INTO "plugins" VALUES (1113,'PHPNuke');
INSERT INTO "plugins" VALUES (1114,'PHP-Photo-Album');
INSERT INTO "plugins" VALUES (1115,'PHP-Photo-Gallery');
INSERT INTO "plugins" VALUES (1116,'php-ping');
INSERT INTO "plugins" VALUES (1117,'PHP-Pro-Bid');
INSERT INTO "plugins" VALUES (1118,'PHP-Server-Monitor');
INSERT INTO "plugins" VALUES (1119,'PHP-Shell');
INSERT INTO "plugins" VALUES (1120,'PHP-Support-Tickets');
INSERT INTO "plugins" VALUES (1121,'PHP-Update');
INSERT INTO "plugins" VALUES (1122,'PHP-XMLRPC');
INSERT INTO "plugins" VALUES (1123,'PHP');
INSERT INTO "plugins" VALUES (1124,'PHP121');
INSERT INTO "plugins" VALUES (1125,'phpATM');
INSERT INTO "plugins" VALUES (1126,'phpBazar');
INSERT INTO "plugins" VALUES (1127,'phpBB');
INSERT INTO "plugins" VALUES (1128,'PHPCityportal');
INSERT INTO "plugins" VALUES (1129,'phpCollab');
INSERT INTO "plugins" VALUES (1130,'PHPCow');
INSERT INTO "plugins" VALUES (1131,'phpDealerLocator');
INSERT INTO "plugins" VALUES (1132,'phpDenora');
INSERT INTO "plugins" VALUES (1133,'PHPDirector');
INSERT INTO "plugins" VALUES (1134,'phpDocumentor');
INSERT INTO "plugins" VALUES (1135,'PHPFM');
INSERT INTO "plugins" VALUES (1136,'phpFox');
INSERT INTO "plugins" VALUES (1137,'phpFreeChat');
INSERT INTO "plugins" VALUES (1138,'PHPGradeBook');
INSERT INTO "plugins" VALUES (1139,'phpGraphy');
INSERT INTO "plugins" VALUES (1140,'phpGreetCards');
INSERT INTO "plugins" VALUES (1141,'phPhotoAlbum');
INSERT INTO "plugins" VALUES (1142,'phpinfo');
INSERT INTO "plugins" VALUES (1143,'PHPKIT');
INSERT INTO "plugins" VALUES (1144,'phpLDAPadmin');
INSERT INTO "plugins" VALUES (1145,'phplist');
INSERT INTO "plugins" VALUES (1146,'phpMailShare');
INSERT INTO "plugins" VALUES (1147,'phpMoneyBooks');
INSERT INTO "plugins" VALUES (1148,'phpMumbleAdmin');
INSERT INTO "plugins" VALUES (1149,'phpMyAdmin');
INSERT INTO "plugins" VALUES (1150,'phpMyBackupPro');
INSERT INTO "plugins" VALUES (1151,'phpMyBible');
INSERT INTO "plugins" VALUES (1152,'phpMyFAQ');
INSERT INTO "plugins" VALUES (1153,'phpMyRealty');
INSERT INTO "plugins" VALUES (1154,'phpMySport');
INSERT INTO "plugins" VALUES (1155,'phpMyTourney');
INSERT INTO "plugins" VALUES (1156,'PHPOpenChat');
INSERT INTO "plugins" VALUES (1157,'PHPortfolio');
INSERT INTO "plugins" VALUES (1158,'phpPgAdmin');
INSERT INTO "plugins" VALUES (1159,'phpQuestionnaire');
INSERT INTO "plugins" VALUES (1160,'phpRaid');
INSERT INTO "plugins" VALUES (1161,'phpRechnung');
INSERT INTO "plugins" VALUES (1162,'phpRemoteView');
INSERT INTO "plugins" VALUES (1163,'phpScheduleIt');
INSERT INTO "plugins" VALUES (1164,'PHPShop');
INSERT INTO "plugins" VALUES (1165,'phpSysInfo');
INSERT INTO "plugins" VALUES (1166,'phpVID');
INSERT INTO "plugins" VALUES (1167,'phpVMS');
INSERT INTO "plugins" VALUES (1168,'phpwcms');
INSERT INTO "plugins" VALUES (1169,'PHPWind');
INSERT INTO "plugins" VALUES (1170,'phxEventManager');
INSERT INTO "plugins" VALUES (1171,'Pi3Web');
INSERT INTO "plugins" VALUES (1172,'PieCrust');
INSERT INTO "plugins" VALUES (1173,'PithCMS');
INSERT INTO "plugins" VALUES (1174,'Pivot');
INSERT INTO "plugins" VALUES (1175,'Pivotal-CRM');
INSERT INTO "plugins" VALUES (1176,'PivotX');
INSERT INTO "plugins" VALUES (1177,'Piwigo');
INSERT INTO "plugins" VALUES (1178,'Piwik');
INSERT INTO "plugins" VALUES (1179,'Pixel-Ads-Script');
INSERT INTO "plugins" VALUES (1180,'Pixel-Script');
INSERT INTO "plugins" VALUES (1181,'PixelPost');
INSERT INTO "plugins" VALUES (1182,'Pixie');
INSERT INTO "plugins" VALUES (1183,'PJIRC');
INSERT INTO "plugins" VALUES (1184,'Plandora');
INSERT INTO "plugins" VALUES (1185,'Play-Framework');
INSERT INTO "plugins" VALUES (1186,'playSMS');
INSERT INTO "plugins" VALUES (1187,'Plesk');
INSERT INTO "plugins" VALUES (1188,'Pligg-CMS');
INSERT INTO "plugins" VALUES (1189,'Plogger');
INSERT INTO "plugins" VALUES (1190,'Plone');
INSERT INTO "plugins" VALUES (1191,'Pluck-CMS');
INSERT INTO "plugins" VALUES (1192,'PluXml');
INSERT INTO "plugins" VALUES (1193,'PmWiki');
INSERT INTO "plugins" VALUES (1194,'PnPSCADA');
INSERT INTO "plugins" VALUES (1195,'podPress');
INSERT INTO "plugins" VALUES (1196,'Pogoplug');
INSERT INTO "plugins" VALUES (1197,'Polycom-SoundPoint');
INSERT INTO "plugins" VALUES (1198,'Polycom-ViewStation');
INSERT INTO "plugins" VALUES (1199,'poMMo');
INSERT INTO "plugins" VALUES (1200,'PortalApp');
INSERT INTO "plugins" VALUES (1201,'Post-Revolution');
INSERT INTO "plugins" VALUES (1202,'Posterita-POS');
INSERT INTO "plugins" VALUES (1203,'Posterous');
INSERT INTO "plugins" VALUES (1204,'PowerAlert');
INSERT INTO "plugins" VALUES (1205,'PowerDNS');
INSERT INTO "plugins" VALUES (1206,'PoweredBy');
INSERT INTO "plugins" VALUES (1207,'PowerMTA');
INSERT INTO "plugins" VALUES (1208,'PowerSchool');
INSERT INTO "plugins" VALUES (1209,'PowerWeb');
INSERT INTO "plugins" VALUES (1210,'pragmaMx');
INSERT INTO "plugins" VALUES (1211,'Pragyan-CMS');
INSERT INTO "plugins" VALUES (1212,'Pre-Printing-Press');
INSERT INTO "plugins" VALUES (1213,'Prediction-Football');
INSERT INTO "plugins" VALUES (1214,'Pressflow');
INSERT INTO "plugins" VALUES (1215,'PrestaShop');
INSERT INTO "plugins" VALUES (1216,'Price-Comparison-Script');
INSERT INTO "plugins" VALUES (1217,'PRITLOG');
INSERT INTO "plugins" VALUES (1218,'Pro-Chat-Rooms');
INSERT INTO "plugins" VALUES (1219,'ProcessMaker');
INSERT INTO "plugins" VALUES (1220,'Procon-Electronics-Mod-Mux');
INSERT INTO "plugins" VALUES (1221,'Profense-Firewall');
INSERT INTO "plugins" VALUES (1222,'PROLiNK-Router');
INSERT INTO "plugins" VALUES (1223,'Proliphix-Thermostat');
INSERT INTO "plugins" VALUES (1224,'ProScan');
INSERT INTO "plugins" VALUES (1225,'Prototype');
INSERT INTO "plugins" VALUES (1226,'Proxmox-VE');
INSERT INTO "plugins" VALUES (1227,'Proxy-Agent');
INSERT INTO "plugins" VALUES (1228,'Proxy-Authenticate');
INSERT INTO "plugins" VALUES (1229,'PRTG-Network-Monitor');
INSERT INTO "plugins" VALUES (1230,'PTCPay');
INSERT INTO "plugins" VALUES (1231,'PulseCMS');
INSERT INTO "plugins" VALUES (1232,'PunBB');
INSERT INTO "plugins" VALUES (1233,'Puppet-Dashboard');
INSERT INTO "plugins" VALUES (1234,'Puridiom');
INSERT INTO "plugins" VALUES (1235,'Purveyor-Encrypt-WebServer');
INSERT INTO "plugins" VALUES (1236,'PuTTY-Log');
INSERT INTO "plugins" VALUES (1237,'Pygopherd');
INSERT INTO "plugins" VALUES (1238,'PyroCMS');
INSERT INTO "plugins" VALUES (1239,'Python');
INSERT INTO "plugins" VALUES (1240,'Qcodo-Development-Framework');
INSERT INTO "plugins" VALUES (1241,'QCubed-Development-Framework');
INSERT INTO "plugins" VALUES (1242,'qdPM');
INSERT INTO "plugins" VALUES (1243,'QLogic-SANsurfer-FC-HBA-Manager');
INSERT INTO "plugins" VALUES (1244,'QNAP-NAS');
INSERT INTO "plugins" VALUES (1245,'QR-Code-Panel');
INSERT INTO "plugins" VALUES (1246,'qTranslate');
INSERT INTO "plugins" VALUES (1247,'Quantcast');
INSERT INTO "plugins" VALUES (1248,'Quanterra-Q330');
INSERT INTO "plugins" VALUES (1249,'QuesCom-Qportal');
INSERT INTO "plugins" VALUES (1250,'Quest-Password-Manager');
INSERT INTO "plugins" VALUES (1251,'Quick_Cms');
INSERT INTO "plugins" VALUES (1252,'QuickerSite');
INSERT INTO "plugins" VALUES (1253,'QuickWeb');
INSERT INTO "plugins" VALUES (1254,'QuiXplorer');
INSERT INTO "plugins" VALUES (1255,'Rabbit-Microcontroller');
INSERT INTO "plugins" VALUES (1256,'RackCorp-CDN');
INSERT INTO "plugins" VALUES (1257,'RackStar-Server-Appliance-OS');
INSERT INTO "plugins" VALUES (1258,'RaidenHTTPD');
INSERT INTO "plugins" VALUES (1259,'Railo');
INSERT INTO "plugins" VALUES (1260,'Rainmail');
INSERT INTO "plugins" VALUES (1261,'RAPID-Browser');
INSERT INTO "plugins" VALUES (1262,'Rapidleech');
INSERT INTO "plugins" VALUES (1263,'RapidSite');
INSERT INTO "plugins" VALUES (1264,'Raptor-Firewall');
INSERT INTO "plugins" VALUES (1265,'RCTTools');
INSERT INTO "plugins" VALUES (1266,'NetArtMedia-Real-Estate-Portal');
INSERT INTO "plugins" VALUES (1267,'Realtor-747');
INSERT INTO "plugins" VALUES (1268,'RealVNC');
INSERT INTO "plugins" VALUES (1269,'reCAPTCHA');
INSERT INTO "plugins" VALUES (1270,'Red-Lion-HMI');
INSERT INTO "plugins" VALUES (1271,'Redaxscript');
INSERT INTO "plugins" VALUES (1272,'RedirectLocation');
INSERT INTO "plugins" VALUES (1273,'Redmine');
INSERT INTO "plugins" VALUES (1274,'RedShop');
INSERT INTO "plugins" VALUES (1275,'ReFlex-CMS');
INSERT INTO "plugins" VALUES (1276,'Reinvigorate');
INSERT INTO "plugins" VALUES (1277,'RemotelyAnywhere');
INSERT INTO "plugins" VALUES (1278,'ReOS');
INSERT INTO "plugins" VALUES (1279,'Request-Tracker');
INSERT INTO "plugins" VALUES (1280,'Resin');
INSERT INTO "plugins" VALUES (1281,'Restlet-Framework');
INSERT INTO "plugins" VALUES (1282,'RevSense');
INSERT INTO "plugins" VALUES (1283,'RFI-Scanner-Bot');
INSERT INTO "plugins" VALUES (1284,'Ricoh-Photocopier');
INSERT INTO "plugins" VALUES (1285,'RiOS');
INSERT INTO "plugins" VALUES (1286,'RIPS');
INSERT INTO "plugins" VALUES (1287,'robots_txt');
INSERT INTO "plugins" VALUES (1288,'RobPoll');
INSERT INTO "plugins" VALUES (1289,'RoSpora');
INSERT INTO "plugins" VALUES (1290,'RoundCube');
INSERT INTO "plugins" VALUES (1291,'Roxen');
INSERT INTO "plugins" VALUES (1292,'Ruby-on-Rails');
INSERT INTO "plugins" VALUES (1293,'Ruby');
INSERT INTO "plugins" VALUES (1294,'Ruckus-Wireless-Router');
INSERT INTO "plugins" VALUES (1295,'Rumba-CMS');
INSERT INTO "plugins" VALUES (1296,'RunCMS');
INSERT INTO "plugins" VALUES (1297,'Russian-Apache');
INSERT INTO "plugins" VALUES (1298,'ruTorrent');
INSERT INTO "plugins" VALUES (1299,'RVI-Camera');
INSERT INTO "plugins" VALUES (1300,'S-CMS');
INSERT INTO "plugins" VALUES (1301,'SABnzbd');
INSERT INTO "plugins" VALUES (1302,'sabros_us');
INSERT INTO "plugins" VALUES (1303,'Safedog');
INSERT INTO "plugins" VALUES (1304,'Sagem-Router');
INSERT INTO "plugins" VALUES (1305,'SailsJS');
INSERT INTO "plugins" VALUES (1306,'Saman-Portal');
INSERT INTO "plugins" VALUES (1307,'Sambar-Server');
INSERT INTO "plugins" VALUES (1308,'samPHPweb');
INSERT INTO "plugins" VALUES (1309,'Samsung-Printer');
INSERT INTO "plugins" VALUES (1310,'SAP-NetWeaver');
INSERT INTO "plugins" VALUES (1311,'SARG');
INSERT INTO "plugins" VALUES (1312,'Saurus-CMS');
INSERT INTO "plugins" VALUES (1313,'Savant');
INSERT INTO "plugins" VALUES (1314,'Sawmill');
INSERT INTO "plugins" VALUES (1315,'SazCart');
INSERT INTO "plugins" VALUES (1316,'SchoolWire-Centricity');
INSERT INTO "plugins" VALUES (1317,'ScrewTurn-Wiki');
INSERT INTO "plugins" VALUES (1318,'Script');
INSERT INTO "plugins" VALUES (1319,'Scriptaculous');
INSERT INTO "plugins" VALUES (1320,'Scrutinizer');
INSERT INTO "plugins" VALUES (1321,'SDCMS');
INSERT INTO "plugins" VALUES (1322,'SDL-Tridion-WCMS');
INSERT INTO "plugins" VALUES (1323,'Seagate-GoFlex');
INSERT INTO "plugins" VALUES (1324,'Seagull-PHP-Framework');
INSERT INTO "plugins" VALUES (1325,'SearchFitShoppingCart');
INSERT INTO "plugins" VALUES (1326,'Secure-SnapGear');
INSERT INTO "plugins" VALUES (1327,'Seditio');
INSERT INTO "plugins" VALUES (1328,'SegPub');
INSERT INTO "plugins" VALUES (1329,'SEH-KYOCERA-PrintServer');
INSERT INTO "plugins" VALUES (1330,'Semaphore');
INSERT INTO "plugins" VALUES (1331,'Seminole');
INSERT INTO "plugins" VALUES (1332,'Sendcard');
INSERT INTO "plugins" VALUES (1333,'Sendio-ESP');
INSERT INTO "plugins" VALUES (1334,'SentinelServer');
INSERT INTO "plugins" VALUES (1335,'Seo-Panel');
INSERT INTO "plugins" VALUES (1336,'SePortal');
INSERT INTO "plugins" VALUES (1337,'Serendipity');
INSERT INTO "plugins" VALUES (1338,'Shaadi-Zone');
INSERT INTO "plugins" VALUES (1339,'Shadowed-Portal');
INSERT INTO "plugins" VALUES (1340,'ShareThis');
INSERT INTO "plugins" VALUES (1341,'ShopEx');
INSERT INTO "plugins" VALUES (1342,'Shopify');
INSERT INTO "plugins" VALUES (1343,'ShoreTel-Converged-Conferencing');
INSERT INTO "plugins" VALUES (1344,'SHOUTcast-Administrator');
INSERT INTO "plugins" VALUES (1345,'Siemens-Router');
INSERT INTO "plugins" VALUES (1346,'Siemens-Simatic');
INSERT INTO "plugins" VALUES (1347,'Silex-Print-Server');
INSERT INTO "plugins" VALUES (1348,'SillySmart');
INSERT INTO "plugins" VALUES (1349,'SilverStripe');
INSERT INTO "plugins" VALUES (1350,'Simbix-Framework');
INSERT INTO "plugins" VALUES (1351,'Simple-Directory-Listing');
INSERT INTO "plugins" VALUES (1352,'Simple-Forum-PHP');
INSERT INTO "plugins" VALUES (1353,'Simple-Phishing-Toolkit');
INSERT INTO "plugins" VALUES (1354,'simpleSAMLphp');
INSERT INTO "plugins" VALUES (1355,'SimpleTech-SimpleShare-NAS');
INSERT INTO "plugins" VALUES (1356,'Simplewire');
INSERT INTO "plugins" VALUES (1357,'SimpNews');
INSERT INTO "plugins" VALUES (1358,'SIMSWeb');
INSERT INTO "plugins" VALUES (1359,'Sipura-VoIP-Phone');
INSERT INTO "plugins" VALUES (1360,'Site-Meter');
INSERT INTO "plugins" VALUES (1361,'Site-Sift');
INSERT INTO "plugins" VALUES (1362,'Site4');
INSERT INTO "plugins" VALUES (1363,'SiteCaddy');
INSERT INTO "plugins" VALUES (1364,'Sitecom-NAS');
INSERT INTO "plugins" VALUES (1365,'SiteCore');
INSERT INTO "plugins" VALUES (1366,'Sitefinity');
INSERT INTO "plugins" VALUES (1367,'siteGENIUS');
INSERT INTO "plugins" VALUES (1368,'SiteMajic');
INSERT INTO "plugins" VALUES (1369,'SitePlayer');
INSERT INTO "plugins" VALUES (1370,'SkaLinks');
INSERT INTO "plugins" VALUES (1371,'Skillsoft-Skillport-LMS');
INSERT INTO "plugins" VALUES (1372,'SkyX');
INSERT INTO "plugins" VALUES (1373,'SLAED-CMS');
INSERT INTO "plugins" VALUES (1374,'SlideShowPro-Director');
INSERT INTO "plugins" VALUES (1375,'SlingBox');
INSERT INTO "plugins" VALUES (1376,'SMA-Sunny-WebBox');
INSERT INTO "plugins" VALUES (1377,'SMART-SOFT-VCard-Server');
INSERT INTO "plugins" VALUES (1378,'SmartCDS');
INSERT INTO "plugins" VALUES (1379,'SmarterMail');
INSERT INTO "plugins" VALUES (1380,'SmarterStats');
INSERT INTO "plugins" VALUES (1381,'SmartThumbs');
INSERT INTO "plugins" VALUES (1382,'SMF');
INSERT INTO "plugins" VALUES (1383,'SmodCMS');
INSERT INTO "plugins" VALUES (1384,'SmokePing');
INSERT INTO "plugins" VALUES (1385,'SmugMug');
INSERT INTO "plugins" VALUES (1386,'Snap-Appliance-Server');
INSERT INTO "plugins" VALUES (1387,'Snare');
INSERT INTO "plugins" VALUES (1388,'sNews');
INSERT INTO "plugins" VALUES (1389,'SnoGrafx');
INSERT INTO "plugins" VALUES (1390,'SnomPhone');
INSERT INTO "plugins" VALUES (1391,'Snort-Report');
INSERT INTO "plugins" VALUES (1392,'Social-Strata');
INSERT INTO "plugins" VALUES (1393,'SocketKB');
INSERT INTO "plugins" VALUES (1394,'SocketTimesheet');
INSERT INTO "plugins" VALUES (1395,'Sockso');
INSERT INTO "plugins" VALUES (1396,'Socorro');
INSERT INTO "plugins" VALUES (1397,'Softbiz-Freelancers-Script');
INSERT INTO "plugins" VALUES (1398,'Softbiz-Online-Auctions-Script');
INSERT INTO "plugins" VALUES (1399,'Softbiz-Online-Classifieds');
INSERT INTO "plugins" VALUES (1400,'SoftPLC-Controller');
INSERT INTO "plugins" VALUES (1401,'SolarWinds-Network-Performance-Monitor');
INSERT INTO "plugins" VALUES (1402,'Solidyne-iNET-Server');
INSERT INTO "plugins" VALUES (1403,'SonicWALL-Firewall');
INSERT INTO "plugins" VALUES (1404,'SonicWALL-GMS');
INSERT INTO "plugins" VALUES (1405,'SonicWALL-SSL-VPN');
INSERT INTO "plugins" VALUES (1406,'Sony-LocationFree-TV');
INSERT INTO "plugins" VALUES (1407,'Sony-Network-Camera');
INSERT INTO "plugins" VALUES (1408,'Sony-Projector');
INSERT INTO "plugins" VALUES (1409,'Sony-Video-Network-Station');
INSERT INTO "plugins" VALUES (1410,'Sophos-Email-Appliance');
INSERT INTO "plugins" VALUES (1411,'SourceBans');
INSERT INTO "plugins" VALUES (1412,'SpamTitan');
INSERT INTO "plugins" VALUES (1413,'Speakker');
INSERT INTO "plugins" VALUES (1414,'Specialix-JETSTREAM');
INSERT INTO "plugins" VALUES (1415,'Siemens-SpeedStream-Router');
INSERT INTO "plugins" VALUES (1416,'SpeedTouch');
INSERT INTO "plugins" VALUES (1417,'Sphider');
INSERT INTO "plugins" VALUES (1418,'Sphinx');
INSERT INTO "plugins" VALUES (1419,'Spiceworks');
INSERT INTO "plugins" VALUES (1420,'SpinetiX-Hyper-Media-Player');
INSERT INTO "plugins" VALUES (1421,'Spinnaker');
INSERT INTO "plugins" VALUES (1422,'SPIP');
INSERT INTO "plugins" VALUES (1423,'SpirePRO-CMS');
INSERT INTO "plugins" VALUES (1424,'Splunk');
INSERT INTO "plugins" VALUES (1425,'Spree-Commerce');
INSERT INTO "plugins" VALUES (1426,'Spring-Framework');
INSERT INTO "plugins" VALUES (1427,'SpryWare-MIS');
INSERT INTO "plugins" VALUES (1428,'Sputnik');
INSERT INTO "plugins" VALUES (1429,'Spyglass-MicroServer');
INSERT INTO "plugins" VALUES (1430,'SQL-Buddy');
INSERT INTO "plugins" VALUES (1431,'SQL-CMS');
INSERT INTO "plugins" VALUES (1432,'SQLiteManager');
INSERT INTO "plugins" VALUES (1433,'SquareSpace');
INSERT INTO "plugins" VALUES (1434,'Squid-Web-Proxy-Cache');
INSERT INTO "plugins" VALUES (1435,'Squirrelcart');
INSERT INTO "plugins" VALUES (1436,'SquirrelMail');
INSERT INTO "plugins" VALUES (1437,'SSL-Certificate');
INSERT INTO "plugins" VALUES (1438,'StackExchange');
INSERT INTO "plugins" VALUES (1439,'Star-Network');
INSERT INTO "plugins" VALUES (1440,'Stardot-Express');
INSERT INTO "plugins" VALUES (1441,'StarDot-NetCam');
INSERT INTO "plugins" VALUES (1442,'StatusNet');
INSERT INTO "plugins" VALUES (1443,'Steam-Steal0r-Log');
INSERT INTO "plugins" VALUES (1444,'StorageTek-NAS');
INSERT INTO "plugins" VALUES (1445,'STRATO-Newsletter-Manager');
INSERT INTO "plugins" VALUES (1446,'Streamline-PHP-Media-Server');
INSERT INTO "plugins" VALUES (1447,'Strict-Transport-Security');
INSERT INTO "plugins" VALUES (1448,'Stronghold');
INSERT INTO "plugins" VALUES (1449,'Subdreamer-CMS');
INSERT INTO "plugins" VALUES (1450,'Subrion-CMS');
INSERT INTO "plugins" VALUES (1451,'Subsonic');
INSERT INTO "plugins" VALUES (1452,'SugarCRM');
INSERT INTO "plugins" VALUES (1453,'Sun-Cobalt');
INSERT INTO "plugins" VALUES (1454,'Sun-GlassFish');
INSERT INTO "plugins" VALUES (1455,'Sun-Java-System-Calendar-Express');
INSERT INTO "plugins" VALUES (1456,'Sun-Java-System-Server');
INSERT INTO "plugins" VALUES (1457,'Sun-Web-Server');
INSERT INTO "plugins" VALUES (1458,'SuperSalon-POS');
INSERT INTO "plugins" VALUES (1459,'Support-Incident-Tracker');
INSERT INTO "plugins" VALUES (1460,'Suspended-Webpage');
INSERT INTO "plugins" VALUES (1461,'SVN');
INSERT INTO "plugins" VALUES (1462,'Sweetrice');
INSERT INTO "plugins" VALUES (1463,'Swiki');
INSERT INTO "plugins" VALUES (1464,'sX-Shop');
INSERT INTO "plugins" VALUES (1465,'SX-Webserver');
INSERT INTO "plugins" VALUES (1466,'Sybase-Jaguar');
INSERT INTO "plugins" VALUES (1467,'Symantec-Client-Security');
INSERT INTO "plugins" VALUES (1468,'Symantec-Endpoint-Protection-Manager');
INSERT INTO "plugins" VALUES (1469,'Symfony');
INSERT INTO "plugins" VALUES (1470,'Symphony-CMS');
INSERT INTO "plugins" VALUES (1471,'Synchronet-BBS');
INSERT INTO "plugins" VALUES (1472,'Syncrify');
INSERT INTO "plugins" VALUES (1473,'SyndeoCMS');
INSERT INTO "plugins" VALUES (1474,'Synology-DiskStation');
INSERT INTO "plugins" VALUES (1475,'syntaxCMS');
INSERT INTO "plugins" VALUES (1476,'synType-CMS');
INSERT INTO "plugins" VALUES (1477,'SysMaster');
INSERT INTO "plugins" VALUES (1478,'System-Shop');
INSERT INTO "plugins" VALUES (1479,'SystemBase-PortBase');
INSERT INTO "plugins" VALUES (1480,'Tab-and-Link-Manager');
INSERT INTO "plugins" VALUES (1481,'TAC-Xenta-Controller');
INSERT INTO "plugins" VALUES (1482,'TalkSwitch-Phone');
INSERT INTO "plugins" VALUES (1483,'Videoconference-Management-System');
INSERT INTO "plugins" VALUES (1484,'Tandberg-TV-Web-Server');
INSERT INTO "plugins" VALUES (1485,'TangoCMS');
INSERT INTO "plugins" VALUES (1486,'TaskFreak');
INSERT INTO "plugins" VALUES (1487,'Taurus-Server-Appliance');
INSERT INTO "plugins" VALUES (1488,'TBDev-YSE');
INSERT INTO "plugins" VALUES (1489,'TCExam');
INSERT INTO "plugins" VALUES (1490,'TCMS');
INSERT INTO "plugins" VALUES (1491,'TeaLeaf');
INSERT INTO "plugins" VALUES (1492,'Team-Board');
INSERT INTO "plugins" VALUES (1493,'TeamSpeak-Server-Log');
INSERT INTO "plugins" VALUES (1494,'TeamViewer');
INSERT INTO "plugins" VALUES (1495,'Teapot');
INSERT INTO "plugins" VALUES (1496,'FAQ-Manager');
INSERT INTO "plugins" VALUES (1497,'Tektroniks');
INSERT INTO "plugins" VALUES (1498,'Tele-Data-CMS');
INSERT INTO "plugins" VALUES (1499,'TeleFinder');
INSERT INTO "plugins" VALUES (1500,'Teleflora');
INSERT INTO "plugins" VALUES (1501,'Telligent-Community-Server');
INSERT INTO "plugins" VALUES (1502,'Tencent-QQ');
INSERT INTO "plugins" VALUES (1503,'Tengine-Web-Server');
INSERT INTO "plugins" VALUES (1504,'Tenon-iTools');
INSERT INTO "plugins" VALUES (1505,'TestLink');
INSERT INTO "plugins" VALUES (1506,'TeveoLive-Video-Broadcast-Software');
INSERT INTO "plugins" VALUES (1507,'Textpattern-CMS');
INSERT INTO "plugins" VALUES (1508,'Textpattern');
INSERT INTO "plugins" VALUES (1509,'TFTgallery');
INSERT INTO "plugins" VALUES (1510,'th-ERP');
INSERT INTO "plugins" VALUES (1511,'The-Amazing-Little-Poll');
INSERT INTO "plugins" VALUES (1512,'The-PHP-Real-Estate-Script');
INSERT INTO "plugins" VALUES (1513,'TheHostingTool');
INSERT INTO "plugins" VALUES (1514,'thin');
INSERT INTO "plugins" VALUES (1515,'Think-Plus');
INSERT INTO "plugins" VALUES (1516,'ThoughtConduit');
INSERT INTO "plugins" VALUES (1517,'thttpd');
INSERT INTO "plugins" VALUES (1518,'Tickets-CAD-System');
INSERT INTO "plugins" VALUES (1519,'Tiger-IP-Connect');
INSERT INTO "plugins" VALUES (1520,'Tiger-Netcom-Device');
INSERT INTO "plugins" VALUES (1521,'Tilgin-Router');
INSERT INTO "plugins" VALUES (1522,'TimeLink');
INSERT INTO "plugins" VALUES (1523,'TimeLive');
INSERT INTO "plugins" VALUES (1524,'Timesheet-NG');
INSERT INTO "plugins" VALUES (1525,'Tine-2');
INSERT INTO "plugins" VALUES (1526,'TinyBB');
INSERT INTO "plugins" VALUES (1527,'Tinyproxy');
INSERT INTO "plugins" VALUES (1528,'Title');
INSERT INTO "plugins" VALUES (1529,'TiVo');
INSERT INTO "plugins" VALUES (1530,'Tivoli-Access-Manager');
INSERT INTO "plugins" VALUES (1531,'TivoWebPlus');
INSERT INTO "plugins" VALUES (1532,'TMSoft-MyAuth-Gateway');
INSERT INTO "plugins" VALUES (1533,'TMW-Imaging');
INSERT INTO "plugins" VALUES (1534,'TomatoCart');
INSERT INTO "plugins" VALUES (1535,'TomatoCMS');
INSERT INTO "plugins" VALUES (1536,'Toner-Cart');
INSERT INTO "plugins" VALUES (1537,'TorrentFlux');
INSERT INTO "plugins" VALUES (1538,'Toshiba-Cable-Modem');
INSERT INTO "plugins" VALUES (1539,'Toshiba-Network-Camera');
INSERT INTO "plugins" VALUES (1540,'ToshibaPrinter');
INSERT INTO "plugins" VALUES (1541,'Toshiba-Projector');
INSERT INTO "plugins" VALUES (1542,'TOTVS-SmartClient');
INSERT INTO "plugins" VALUES (1543,'TP-Link-Router');
INSERT INTO "plugins" VALUES (1544,'Trac');
INSERT INTO "plugins" VALUES (1545,'TraceWatch');
INSERT INTO "plugins" VALUES (1546,'Tradingeye');
INSERT INTO "plugins" VALUES (1547,'Traffic-Inspector');
INSERT INTO "plugins" VALUES (1548,'Traidnt-UP');
INSERT INTO "plugins" VALUES (1549,'Trbas');
INSERT INTO "plugins" VALUES (1550,'TreeNeWS');
INSERT INTO "plugins" VALUES (1551,'Trend-Micro');
INSERT INTO "plugins" VALUES (1552,'TRENDnet-Print-Server');
INSERT INTO "plugins" VALUES (1553,'TRENDnet-Router');
INSERT INTO "plugins" VALUES (1554,'Tribiq');
INSERT INTO "plugins" VALUES (1555,'TribuneNews');
INSERT INTO "plugins" VALUES (1556,'TRIDENT7-Wave7-OLT');
INSERT INTO "plugins" VALUES (1557,'TROY-Serial-Server');
INSERT INTO "plugins" VALUES (1558,'Truition');
INSERT INTO "plugins" VALUES (1559,'Tumblr');
INSERT INTO "plugins" VALUES (1560,'Turbo-Seek');
INSERT INTO "plugins" VALUES (1561,'TutorTrac');
INSERT INTO "plugins" VALUES (1562,'TVersity');
INSERT INTO "plugins" VALUES (1563,'TWiki');
INSERT INTO "plugins" VALUES (1564,'TwistedWeb');
INSERT INTO "plugins" VALUES (1565,'TwonkyServer');
INSERT INTO "plugins" VALUES (1566,'Typekit');
INSERT INTO "plugins" VALUES (1567,'TypePad');
INSERT INTO "plugins" VALUES (1568,'TYPO3');
INSERT INTO "plugins" VALUES (1569,'TypoLight');
INSERT INTO "plugins" VALUES (1570,'UCenter-Home');
INSERT INTO "plugins" VALUES (1571,'uClinux-httpd');
INSERT INTO "plugins" VALUES (1572,'Uebimiau-Webmail');
INSERT INTO "plugins" VALUES (1573,'Ultimate-Bulletin-Board');
INSERT INTO "plugins" VALUES (1574,'Ultraseek');
INSERT INTO "plugins" VALUES (1575,'Ultrastats');
INSERT INTO "plugins" VALUES (1576,'Umbraco');
INSERT INTO "plugins" VALUES (1577,'UnBounce');
INSERT INTO "plugins" VALUES (1578,'UncommonHeaders');
INSERT INTO "plugins" VALUES (1579,'Uniform-Server');
INSERT INTO "plugins" VALUES (1580,'Unimep-Station-Controller');
INSERT INTO "plugins" VALUES (1581,'Router');
INSERT INTO "plugins" VALUES (1582,'uPortal');
INSERT INTO "plugins" VALUES (1583,'UrlRewriter_NET');
INSERT INTO "plugins" VALUES (1584,'UseResponse');
INSERT INTO "plugins" VALUES (1585,'UserLand-Frontier');
INSERT INTO "plugins" VALUES (1586,'Ushahidi');
INSERT INTO "plugins" VALUES (1587,'USP-Secure-Entry-Server');
INSERT INTO "plugins" VALUES (1588,'USP-Secure-Login-Service');
INSERT INTO "plugins" VALUES (1589,'Utopia-News-Pro');
INSERT INTO "plugins" VALUES (1590,'uTorrent');
INSERT INTO "plugins" VALUES (1591,'VamCart');
INSERT INTO "plugins" VALUES (1592,'Vanilla-Forums');
INSERT INTO "plugins" VALUES (1593,'Varnish');
INSERT INTO "plugins" VALUES (1594,'vbPortal');
INSERT INTO "plugins" VALUES (1595,'VBulletin');
INSERT INTO "plugins" VALUES (1596,'VCalendar');
INSERT INTO "plugins" VALUES (1597,'vcard');
INSERT INTO "plugins" VALUES (1598,'Velazquez');
INSERT INTO "plugins" VALUES (1599,'Veo-Observer');
INSERT INTO "plugins" VALUES (1600,'Via-Proxy');
INSERT INTO "plugins" VALUES (1601,'Video-CMS');
INSERT INTO "plugins" VALUES (1602,'VideoShareEnterprise');
INSERT INTO "plugins" VALUES (1603,'VideoDB');
INSERT INTO "plugins" VALUES (1604,'Videosmate-Organizer');
INSERT INTO "plugins" VALUES (1605,'VidiScript');
INSERT INTO "plugins" VALUES (1606,'ViewVC');
INSERT INTO "plugins" VALUES (1607,'Vigor-Router');
INSERT INTO "plugins" VALUES (1608,'Viking');
INSERT INTO "plugins" VALUES (1609,'Vimeo');
INSERT INTO "plugins" VALUES (1610,'Virtualmin');
INSERT INTO "plugins" VALUES (1611,'VirtueMart');
INSERT INTO "plugins" VALUES (1612,'Viscacha');
INSERT INTO "plugins" VALUES (1613,'Visec');
INSERT INTO "plugins" VALUES (1614,'VisionGS-Webcam');
INSERT INTO "plugins" VALUES (1615,'VisionWEB');
INSERT INTO "plugins" VALUES (1616,'VisualRoute');
INSERT INTO "plugins" VALUES (1617,'Visualware-MyConnection-Server');
INSERT INTO "plugins" VALUES (1618,'Vivotek-Network-Camera');
INSERT INTO "plugins" VALUES (1619,'VLC-Web-Interface');
INSERT INTO "plugins" VALUES (1620,'VMware-ESXi-Server');
INSERT INTO "plugins" VALUES (1621,'VMware-VirtualCenter');
INSERT INTO "plugins" VALUES (1622,'VMware-Zimbra');
INSERT INTO "plugins" VALUES (1623,'VoIP-Router-Gateway');
INSERT INTO "plugins" VALUES (1624,'VP-ASP');
INSERT INTO "plugins" VALUES (1625,'VPON');
INSERT INTO "plugins" VALUES (1626,'vqServer');
INSERT INTO "plugins" VALUES (1627,'VS-Panel');
INSERT INTO "plugins" VALUES (1628,'VSNSLemon');
INSERT INTO "plugins" VALUES (1629,'VSP-Stats-Processor');
INSERT INTO "plugins" VALUES (1630,'vTigerCRM');
INSERT INTO "plugins" VALUES (1631,'VTS');
INSERT INTO "plugins" VALUES (1632,'Vulnerable-To-XSS');
INSERT INTO "plugins" VALUES (1633,'w-agora');
INSERT INTO "plugins" VALUES (1634,'W3-Total-Cache');
INSERT INTO "plugins" VALUES (1635,'W3MFC');
INSERT INTO "plugins" VALUES (1636,'Wacintaki-Poteto-BBS');
INSERT INTO "plugins" VALUES (1637,'WampServer');
INSERT INTO "plugins" VALUES (1638,'WANem');
INSERT INTO "plugins" VALUES (1639,'Warcraft-3-Frozen-Throne-Mod-Config-File');
INSERT INTO "plugins" VALUES (1640,'Warning');
INSERT INTO "plugins" VALUES (1641,'WatchGuard-Firewall');
INSERT INTO "plugins" VALUES (1642,'Watson-Router');
INSERT INTO "plugins" VALUES (1643,'Weatimages');
INSERT INTO "plugins" VALUES (1644,'Web-Calendar-System');
INSERT INTO "plugins" VALUES (1645,'Web-Control-Panel');
INSERT INTO "plugins" VALUES (1646,'Web-Crossing-Server');
INSERT INTO "plugins" VALUES (1647,'Web-Data-Administrator');
INSERT INTO "plugins" VALUES (1648,'Web-Publishing-Wizard');
INSERT INTO "plugins" VALUES (1649,'Web-Wiz-Rich-Text-Editor');
INSERT INTO "plugins" VALUES (1650,'Web2');
INSERT INTO "plugins" VALUES (1651,'web2Project');
INSERT INTO "plugins" VALUES (1652,'Web2py');
INSERT INTO "plugins" VALUES (1653,'Webalizer-Log');
INSERT INTO "plugins" VALUES (1654,'WebAsyst-Shop-Script');
INSERT INTO "plugins" VALUES (1655,'webbackdoor');
INSERT INTO "plugins" VALUES (1656,'Webbased-PEAR-Package-Manager');
INSERT INTO "plugins" VALUES (1657,'Webbler');
INSERT INTO "plugins" VALUES (1658,'WEBCOMpro-CMS');
INSERT INTO "plugins" VALUES (1659,'WebDAV');
INSERT INTO "plugins" VALUES (1660,'Webduino');
INSERT INTO "plugins" VALUES (1661,'WebDVR');
INSERT INTO "plugins" VALUES (1662,'WebEye-Network-Camera');
INSERT INTO "plugins" VALUES (1663,'webfs');
INSERT INTO "plugins" VALUES (1664,'Webgrind');
INSERT INTO "plugins" VALUES (1665,'WebGuard');
INSERT INTO "plugins" VALUES (1666,'WebHare-Application-Portal');
INSERT INTO "plugins" VALUES (1667,'WeBid');
INSERT INTO "plugins" VALUES (1668,'WebIIS');
INSERT INTO "plugins" VALUES (1669,'WebIssues');
INSERT INTO "plugins" VALUES (1670,'WebKnight');
INSERT INTO "plugins" VALUES (1671,'Webmatic');
INSERT INTO "plugins" VALUES (1672,'Webmedia-Explorer');
INSERT INTO "plugins" VALUES (1673,'WebObjects');
INSERT INTO "plugins" VALUES (1674,'WebPA');
INSERT INTO "plugins" VALUES (1675,'WebPress');
INSERT INTO "plugins" VALUES (1676,'WebSideStory');
INSERT INTO "plugins" VALUES (1677,'WebsiteTonight');
INSERT INTO "plugins" VALUES (1678,'WebsiteBaker-CMS');
INSERT INTO "plugins" VALUES (1679,'WebSitePro');
INSERT INTO "plugins" VALUES (1680,'WebSocket');
INSERT INTO "plugins" VALUES (1681,'webSPELL');
INSERT INTO "plugins" VALUES (1682,'WebspotBlogging');
INSERT INTO "plugins" VALUES (1683,'WebSVN');
INSERT INTO "plugins" VALUES (1684,'WebTrends');
INSERT INTO "plugins" VALUES (1685,'WebYep');
INSERT INTO "plugins" VALUES (1686,'Weebly');
INSERT INTO "plugins" VALUES (1687,'Werkzeug');
INSERT INTO "plugins" VALUES (1688,'WhatsUp');
INSERT INTO "plugins" VALUES (1689,'WhatWeb-Plugin');
INSERT INTO "plugins" VALUES (1690,'WhiteBoard');
INSERT INTO "plugins" VALUES (1691,'Whizzy-CMS');
INSERT INTO "plugins" VALUES (1692,'WHMCS');
INSERT INTO "plugins" VALUES (1693,'WiFiDog');
INSERT INTO "plugins" VALUES (1694,'WikidForum');
INSERT INTO "plugins" VALUES (1695,'WikiWebHelp');
INSERT INTO "plugins" VALUES (1696,'Wildcat');
INSERT INTO "plugins" VALUES (1697,'Winamp-Web-Interface');
INSERT INTO "plugins" VALUES (1698,'Winconnection');
INSERT INTO "plugins" VALUES (1699,'Windows-Internet-Printing');
INSERT INTO "plugins" VALUES (1700,'Windows-Remote-Printing');
INSERT INTO "plugins" VALUES (1701,'WindWeb');
INSERT INTO "plugins" VALUES (1702,'Wing-FTP-Server');
INSERT INTO "plugins" VALUES (1703,'Winmail-Server');
INSERT INTO "plugins" VALUES (1704,'Winstone');
INSERT INTO "plugins" VALUES (1705,'Wiseguy');
INSERT INTO "plugins" VALUES (1706,'Wix');
INSERT INTO "plugins" VALUES (1707,'WolfCMS');
INSERT INTO "plugins" VALUES (1708,'WooFramework');
INSERT INTO "plugins" VALUES (1709,'WordFence');
INSERT INTO "plugins" VALUES (1710,'WordFusion');
INSERT INTO "plugins" VALUES (1711,'Wordpress-Contact-Form');
INSERT INTO "plugins" VALUES (1712,'WordPress-Mobile-Pack');
INSERT INTO "plugins" VALUES (1713,'WordPressSpamFree');
INSERT INTO "plugins" VALUES (1714,'WordPress-Stats');
INSERT INTO "plugins" VALUES (1715,'WordpressSuperCache');
INSERT INTO "plugins" VALUES (1716,'WordPress');
INSERT INTO "plugins" VALUES (1717,'WorldNow');
INSERT INTO "plugins" VALUES (1718,'Worldgroup-Server');
INSERT INTO "plugins" VALUES (1719,'WoW-Raid-Manager');
INSERT INTO "plugins" VALUES (1720,'WoW-Server-Status');
INSERT INTO "plugins" VALUES (1721,'Wowza-Media-Server');
INSERT INTO "plugins" VALUES (1722,'WP-SlimStat');
INSERT INTO "plugins" VALUES (1723,'WPML-Plugin');
INSERT INTO "plugins" VALUES (1724,'wpQuiz');
INSERT INTO "plugins" VALUES (1725,'WSN-Classifieds');
INSERT INTO "plugins" VALUES (1726,'WSN-Directory');
INSERT INTO "plugins" VALUES (1727,'WSN-Forum');
INSERT INTO "plugins" VALUES (1728,'WSN-Gallery');
INSERT INTO "plugins" VALUES (1729,'WSN-Knowledge-Base');
INSERT INTO "plugins" VALUES (1730,'WSN-Links');
INSERT INTO "plugins" VALUES (1731,'WSN-Software-Directory');
INSERT INTO "plugins" VALUES (1732,'WSTOOL');
INSERT INTO "plugins" VALUES (1733,'WS_FTP-log');
INSERT INTO "plugins" VALUES (1734,'WWW-Authenticate');
INSERT INTO "plugins" VALUES (1735,'WWW-File-Share-Pro');
INSERT INTO "plugins" VALUES (1736,'WWWBoard');
INSERT INTO "plugins" VALUES (1737,'WWWPhoto');
INSERT INTO "plugins" VALUES (1738,'X-Backend');
INSERT INTO "plugins" VALUES (1739,'X-Cache');
INSERT INTO "plugins" VALUES (1740,'X-Forwarded-For');
INSERT INTO "plugins" VALUES (1741,'X-Frame-Options');
INSERT INTO "plugins" VALUES (1742,'x-hacker');
INSERT INTO "plugins" VALUES (1743,'X-Host');
INSERT INTO "plugins" VALUES (1744,'x-machine');
INSERT INTO "plugins" VALUES (1745,'x-pingback');
INSERT INTO "plugins" VALUES (1746,'X-Powered-By');
INSERT INTO "plugins" VALUES (1747,'X-UA-Compatible');
INSERT INTO "plugins" VALUES (1748,'X-Vortech-PHP');
INSERT INTO "plugins" VALUES (1749,'X-XSS-Protection');
INSERT INTO "plugins" VALUES (1750,'X10media-MP3-Search-Engine');
INSERT INTO "plugins" VALUES (1751,'X10media-Torrent-Search-Engine');
INSERT INTO "plugins" VALUES (1752,'X7-Chat');
INSERT INTO "plugins" VALUES (1753,'XAMPP');
INSERT INTO "plugins" VALUES (1754,'Xataface');
INSERT INTO "plugins" VALUES (1755,'Xavante');
INSERT INTO "plugins" VALUES (1756,'XBMC');
INSERT INTO "plugins" VALUES (1757,'XchangeBoard');
INSERT INTO "plugins" VALUES (1758,'Xeneo-Web-Server');
INSERT INTO "plugins" VALUES (1759,'XenForo');
INSERT INTO "plugins" VALUES (1760,'Xerox-Printers');
INSERT INTO "plugins" VALUES (1761,'Xerver');
INSERT INTO "plugins" VALUES (1762,'xGB');
INSERT INTO "plugins" VALUES (1763,'XHP-CMS');
INSERT INTO "plugins" VALUES (1764,'Xitami');
INSERT INTO "plugins" VALUES (1765,'eXtreme-Message-Board');
INSERT INTO "plugins" VALUES (1766,'XOOPS-Cube');
INSERT INTO "plugins" VALUES (1767,'XOOPS');
INSERT INTO "plugins" VALUES (1768,'xproxy');
INSERT INTO "plugins" VALUES (1769,'xt-Commerce');
INSERT INTO "plugins" VALUES (1770,'XtraBusinessHosting');
INSERT INTO "plugins" VALUES (1771,'XWiki');
INSERT INTO "plugins" VALUES (1772,'XyberShield');
INSERT INTO "plugins" VALUES (1773,'YAF.NET');
INSERT INTO "plugins" VALUES (1774,'Yamamah');
INSERT INTO "plugins" VALUES (1775,'YouTube');
INSERT INTO "plugins" VALUES (1776,'Zabbix');
INSERT INTO "plugins" VALUES (1777,'ZebraNet-PrintServer');
INSERT INTO "plugins" VALUES (1778,'Zen-Cart');
INSERT INTO "plugins" VALUES (1779,'Zen-Load-Balancer');
INSERT INTO "plugins" VALUES (1780,'Zend');
INSERT INTO "plugins" VALUES (1781,'Zenoss-Core');
INSERT INTO "plugins" VALUES (1782,'Zero-One-Technology-Print-Server');
INSERT INTO "plugins" VALUES (1783,'Zest-Web-Engine');
INSERT INTO "plugins" VALUES (1784,'Zeus-Cart');
INSERT INTO "plugins" VALUES (1785,'Zeus-Traffic-Manager');
INSERT INTO "plugins" VALUES (1786,'Zeus-Web-Server');
INSERT INTO "plugins" VALUES (1787,'zFeeder');
INSERT INTO "plugins" VALUES (1788,'Zikula');
INSERT INTO "plugins" VALUES (1789,'Zimplit-CMS');
INSERT INTO "plugins" VALUES (1790,'ZIPBOX-Media');
INSERT INTO "plugins" VALUES (1791,'Zomplog');
INSERT INTO "plugins" VALUES (1792,'ZoneMinder');
INSERT INTO "plugins" VALUES (1793,'Zones-Web-Solution');
INSERT INTO "plugins" VALUES (1794,'Zoom-Search-Engine');
INSERT INTO "plugins" VALUES (1795,'Zope');
INSERT INTO "plugins" VALUES (1796,'Zoph');
INSERT INTO "plugins" VALUES (1797,'Zotonic');
INSERT INTO "plugins" VALUES (1798,'ZTE-IAD');
INSERT INTO "plugins" VALUES (1799,'Zylone-IT');
INSERT INTO "plugins" VALUES (1800,'ZyXEL-Router');
INSERT INTO "plugins" VALUES (1801,'Plugin-Tutorial-1');
INSERT INTO "plugins" VALUES (1802,'Plugin-Tutorial-2');
INSERT INTO "plugins" VALUES (1803,'Plugin-Tutorial-3');
INSERT INTO "plugins" VALUES (1804,'Plugin-Tutorial-4');
INSERT INTO "plugins" VALUES (1805,'Plugin-Tutorial-5');
INSERT INTO "plugins" VALUES (1806,'Plugin-Tutorial-6');
INSERT INTO "plugins" VALUES (1807,'Plugin-Tutorial-7');
INSERT INTO "scans" VALUES (1,14,90,1,'2.4.41','','','','','','','','');
INSERT INTO "scans" VALUES (2,14,332,1,'','','UKRAINE','','','','UA','','');
INSERT INTO "scans" VALUES (3,14,616,1,'','Ubuntu Linux','Apache/2.4.41 (Ubuntu)','','','','','','');
INSERT INTO "scans" VALUES (4,14,694,1,'','','95.216.157.127','','','','','','');
INSERT INTO "scans" VALUES (5,14,1272,1,'','','https://ikasten.io/','','','','','','');
INSERT INTO "scans" VALUES (6,14,1528,1,'','','301 Moved Permanently','','','','','','');
INSERT INTO "scans" VALUES (7,14,90,2,'2.4.41','','','','','','','','');
INSERT INTO "scans" VALUES (8,14,332,2,'','','UKRAINE','','','','UA','','');
INSERT INTO "scans" VALUES (9,14,455,2,'','','admin@domain.admi,guest@where.ever','','','','','','');
INSERT INTO "scans" VALUES (10,14,613,2,'','','','','','','','','');
INSERT INTO "scans" VALUES (11,14,616,2,'','Ubuntu Linux','Apache/2.4.41 (Ubuntu)','','','','','','');
INSERT INTO "scans" VALUES (12,14,694,2,'','','95.216.157.127','','','','','','');
INSERT INTO "scans" VALUES (13,14,733,2,'','','','','','','','','');
INSERT INTO "scans" VALUES (14,14,856,2,'','','WordPress 5.5.3','','','','','','');
INSERT INTO "scans" VALUES (15,14,1025,2,'website','','','','','','','','');
INSERT INTO "scans" VALUES (16,14,1318,2,'','','text/javascript','','','','','','');
INSERT INTO "scans" VALUES (17,14,1528,2,'','','Ikasten.IO &#8211; Learning, Aprendiendo','','','','','','');
INSERT INTO "scans" VALUES (18,14,1578,2,'','','link','','','','','','');
INSERT INTO "scans" VALUES (19,14,1716,2,'5.5.3','','','','','','','','');
INSERT INTO "scans" VALUES (20,15,90,1,'2.4.41','','','','','','','','');
INSERT INTO "scans" VALUES (21,15,332,1,'','','UKRAINE','','','','UA','','');
INSERT INTO "scans" VALUES (22,15,616,1,'','Ubuntu Linux','Apache/2.4.41 (Ubuntu)','','','','','','');
INSERT INTO "scans" VALUES (23,15,694,1,'','','95.216.157.127','','','','','','');
INSERT INTO "scans" VALUES (24,15,1272,1,'','','https://ikasten.io/','','','','','','');
INSERT INTO "scans" VALUES (25,15,1528,1,'','','301 Moved Permanently','','','','','','');
INSERT INTO "scans" VALUES (26,15,90,2,'2.4.41','','','','','','','','');
INSERT INTO "scans" VALUES (27,15,332,2,'','','UKRAINE','','','','UA','','');
INSERT INTO "scans" VALUES (28,15,455,2,'','','admin@domain.admi,guest@where.ever','','','','','','');
INSERT INTO "scans" VALUES (29,15,613,2,'','','','','','','','','');
INSERT INTO "scans" VALUES (30,15,616,2,'','Ubuntu Linux','Apache/2.4.41 (Ubuntu)','','','','','','');
INSERT INTO "scans" VALUES (31,15,694,2,'','','95.216.157.127','','','','','','');
INSERT INTO "scans" VALUES (32,15,733,2,'','','','','','','','','');
INSERT INTO "scans" VALUES (33,15,856,2,'','','WordPress 5.5.3','','','','','','');
INSERT INTO "scans" VALUES (34,15,1025,2,'website','','','','','','','','');
INSERT INTO "scans" VALUES (35,15,1318,2,'','','text/javascript','','','','','','');
INSERT INTO "scans" VALUES (36,15,1528,2,'','','Ikasten.IO &#8211; Learning, Aprendiendo','','','','','','');
INSERT INTO "scans" VALUES (37,15,1578,2,'','','link','','','','','','');
INSERT INTO "scans" VALUES (38,15,1716,2,'5.5.3','','','','','','','','');
INSERT INTO "scans" VALUES (39,16,90,1,'2.4.41','','','','','','','','');
INSERT INTO "scans" VALUES (40,16,332,1,'','','UKRAINE','','','','UA','','');
INSERT INTO "scans" VALUES (41,16,616,1,'','Ubuntu Linux','Apache/2.4.41 (Ubuntu)','','','','','','');
INSERT INTO "scans" VALUES (42,16,694,1,'','','95.216.157.127','','','','','','');
INSERT INTO "scans" VALUES (43,16,1272,1,'','','https://ikasten.io/','','','','','','');
INSERT INTO "scans" VALUES (44,16,1528,1,'','','301 Moved Permanently','','','','','','');
INSERT INTO "scans" VALUES (45,16,90,2,'2.4.41','','','','','','','','');
INSERT INTO "scans" VALUES (46,16,332,2,'','','UKRAINE','','','','UA','','');
INSERT INTO "scans" VALUES (47,16,455,2,'','','admin@domain.admi,guest@where.ever','','','','','','');
INSERT INTO "scans" VALUES (48,16,613,2,'','','','','','','','','');
INSERT INTO "scans" VALUES (49,16,616,2,'','Ubuntu Linux','Apache/2.4.41 (Ubuntu)','','','','','','');
INSERT INTO "scans" VALUES (50,16,694,2,'','','95.216.157.127','','','','','','');
INSERT INTO "scans" VALUES (51,16,733,2,'','','','','','','','','');
INSERT INTO "scans" VALUES (52,16,856,2,'','','WordPress 5.5.3','','','','','','');
INSERT INTO "scans" VALUES (53,16,1025,2,'website','','','','','','','','');
INSERT INTO "scans" VALUES (54,16,1318,2,'','','text/javascript','','','','','','');
INSERT INTO "scans" VALUES (55,16,1528,2,'','','Ikasten.IO &#8211; Learning, Aprendiendo','','','','','','');
INSERT INTO "scans" VALUES (56,16,1578,2,'','','link','','','','','','');
INSERT INTO "scans" VALUES (57,16,1716,2,'5.5.3','','','','','','','','');
INSERT INTO "scans" VALUES (58,20,90,1,'2.4.41','','','','','','','','');
INSERT INTO "scans" VALUES (59,20,332,1,'','','UKRAINE','','','','UA','','');
INSERT INTO "scans" VALUES (60,20,616,1,'','Ubuntu Linux','Apache/2.4.41 (Ubuntu)','','','','','','');
INSERT INTO "scans" VALUES (61,20,694,1,'','','95.216.157.127','','','','','','');
INSERT INTO "scans" VALUES (62,20,1272,1,'','','https://ikasten.io/','','','','','','');
INSERT INTO "scans" VALUES (63,20,1528,1,'','','301 Moved Permanently','','','','','','');
INSERT INTO "scans" VALUES (64,20,90,2,'2.4.41','','','','','','','','');
INSERT INTO "scans" VALUES (65,20,332,2,'','','UKRAINE','','','','UA','','');
INSERT INTO "scans" VALUES (66,20,455,2,'','','admin@domain.admi,guest@where.ever','','','','','','');
INSERT INTO "scans" VALUES (67,20,613,2,'','','','','','','','','');
INSERT INTO "scans" VALUES (68,20,616,2,'','Ubuntu Linux','Apache/2.4.41 (Ubuntu)','','','','','','');
INSERT INTO "scans" VALUES (69,20,694,2,'','','95.216.157.127','','','','','','');
INSERT INTO "scans" VALUES (70,20,733,2,'','','','','','','','','');
INSERT INTO "scans" VALUES (71,20,856,2,'','','WordPress 5.5.3','','','','','','');
INSERT INTO "scans" VALUES (72,20,1025,2,'website','','','','','','','','');
INSERT INTO "scans" VALUES (73,20,1318,2,'','','text/javascript','','','','','','');
INSERT INTO "scans" VALUES (74,20,1528,2,'','','Ikasten.IO &#8211; Learning, Aprendiendo','','','','','','');
INSERT INTO "scans" VALUES (75,20,1578,2,'','','link','','','','','','');
INSERT INTO "scans" VALUES (76,20,1716,2,'5.5.3','','','','','','','','');
INSERT INTO "scans" VALUES (77,21,90,1,'2.4.41','','','','','','','','');
INSERT INTO "scans" VALUES (78,21,332,1,'','','UKRAINE','','','','UA','','');
INSERT INTO "scans" VALUES (79,21,616,1,'','Ubuntu Linux','Apache/2.4.41 (Ubuntu)','','','','','','');
INSERT INTO "scans" VALUES (80,21,694,1,'','','95.216.157.127','','','','','','');
INSERT INTO "scans" VALUES (81,21,1272,1,'','','https://ikasten.io/','','','','','','');
INSERT INTO "scans" VALUES (82,21,1528,1,'','','301 Moved Permanently','','','','','','');
INSERT INTO "scans" VALUES (83,21,90,2,'2.4.41','','','','','','','','');
INSERT INTO "scans" VALUES (84,21,332,2,'','','UKRAINE','','','','UA','','');
INSERT INTO "scans" VALUES (85,21,455,2,'','','admin@domain.admi,guest@where.ever','','','','','','');
INSERT INTO "scans" VALUES (86,21,613,2,'','','','','','','','','');
INSERT INTO "scans" VALUES (87,21,616,2,'','Ubuntu Linux','Apache/2.4.41 (Ubuntu)','','','','','','');
INSERT INTO "scans" VALUES (88,21,694,2,'','','95.216.157.127','','','','','','');
INSERT INTO "scans" VALUES (89,21,733,2,'','','','','','','','','');
INSERT INTO "scans" VALUES (90,21,856,2,'','','WordPress 5.5.3','','','','','','');
INSERT INTO "scans" VALUES (91,21,1025,2,'website','','','','','','','','');
INSERT INTO "scans" VALUES (92,21,1318,2,'','','text/javascript','','','','','','');
INSERT INTO "scans" VALUES (93,21,1528,2,'','','Ikasten.IO &#8211; Learning, Aprendiendo','','','','','','');
INSERT INTO "scans" VALUES (94,21,1578,2,'','','link','','','','','','');
INSERT INTO "scans" VALUES (95,21,1716,2,'5.5.3','','','','','','','','');
INSERT INTO "scans" VALUES (96,22,90,1,'2.4.41','','','','','','','','');
INSERT INTO "scans" VALUES (97,22,332,1,'','','UKRAINE','','','','UA','','');
INSERT INTO "scans" VALUES (98,22,616,1,'','Ubuntu Linux','Apache/2.4.41 (Ubuntu)','','','','','','');
INSERT INTO "scans" VALUES (99,22,694,1,'','','95.216.157.127','','','','','','');
INSERT INTO "scans" VALUES (100,22,1272,1,'','','https://ikasten.io/','','','','','','');
INSERT INTO "scans" VALUES (101,22,1528,1,'','','301 Moved Permanently','','','','','','');
INSERT INTO "scans" VALUES (102,22,90,2,'2.4.41','','','','','','','','');
INSERT INTO "scans" VALUES (103,22,332,2,'','','UKRAINE','','','','UA','','');
INSERT INTO "scans" VALUES (104,22,455,2,'','','admin@domain.admi,guest@where.ever','','','','','','');
INSERT INTO "scans" VALUES (105,22,613,2,'','','','','','','','','');
INSERT INTO "scans" VALUES (106,22,616,2,'','Ubuntu Linux','Apache/2.4.41 (Ubuntu)','','','','','','');
INSERT INTO "scans" VALUES (107,22,694,2,'','','95.216.157.127','','','','','','');
INSERT INTO "scans" VALUES (108,22,733,2,'','','','','','','','','');
INSERT INTO "scans" VALUES (109,22,856,2,'','','WordPress 5.5.3','','','','','','');
INSERT INTO "scans" VALUES (110,22,1025,2,'website','','','','','','','','');
INSERT INTO "scans" VALUES (111,22,1318,2,'','','text/javascript','','','','','','');
INSERT INTO "scans" VALUES (112,22,1528,2,'','','Ikasten.IO &#8211; Learning, Aprendiendo','','','','','','');
INSERT INTO "scans" VALUES (113,22,1578,2,'','','link','','','','','','');
INSERT INTO "scans" VALUES (114,22,1716,2,'5.5.3','','','','','','','','');
INSERT INTO "scans" VALUES (115,23,90,1,'2.4.41','','','','','','','','');
INSERT INTO "scans" VALUES (116,23,332,1,'','','UKRAINE','','','','UA','','');
INSERT INTO "scans" VALUES (117,23,616,1,'','Ubuntu Linux','Apache/2.4.41 (Ubuntu)','','','','','','');
INSERT INTO "scans" VALUES (118,23,694,1,'','','95.216.157.127','','','','','','');
INSERT INTO "scans" VALUES (119,23,1272,1,'','','https://ikasten.io/','','','','','','');
INSERT INTO "scans" VALUES (120,23,1528,1,'','','301 Moved Permanently','','','','','','');
INSERT INTO "scans" VALUES (121,23,90,2,'2.4.41','','','','','','','','');
INSERT INTO "scans" VALUES (122,23,332,2,'','','UKRAINE','','','','UA','','');
INSERT INTO "scans" VALUES (123,23,455,2,'','','admin@domain.admi,guest@where.ever','','','','','','');
INSERT INTO "scans" VALUES (124,23,613,2,'','','','','','','','','');
INSERT INTO "scans" VALUES (125,23,616,2,'','Ubuntu Linux','Apache/2.4.41 (Ubuntu)','','','','','','');
INSERT INTO "scans" VALUES (126,23,694,2,'','','95.216.157.127','','','','','','');
INSERT INTO "scans" VALUES (127,23,733,2,'','','','','','','','','');
INSERT INTO "scans" VALUES (128,23,856,2,'','','WordPress 5.5.3','','','','','','');
INSERT INTO "scans" VALUES (129,23,1025,2,'website','','','','','','','','');
INSERT INTO "scans" VALUES (130,23,1318,2,'','','text/javascript','','','','','','');
INSERT INTO "scans" VALUES (131,23,1528,2,'','','Ikasten.IO &#8211; Learning, Aprendiendo','','','','','','');
INSERT INTO "scans" VALUES (132,23,1578,2,'','','link','','','','','','');
INSERT INTO "scans" VALUES (133,23,1716,2,'5.5.3','','','','','','','','');
INSERT INTO "scans" VALUES (134,24,90,1,'2.4.41','','','','','','','','');
INSERT INTO "scans" VALUES (135,24,332,1,'','','UKRAINE','','','','UA','','');
INSERT INTO "scans" VALUES (136,24,616,1,'','Ubuntu Linux','Apache/2.4.41 (Ubuntu)','','','','','','');
INSERT INTO "scans" VALUES (137,24,694,1,'','','95.216.157.127','','','','','','');
INSERT INTO "scans" VALUES (138,24,1272,1,'','','https://ikasten.io/','','','','','','');
INSERT INTO "scans" VALUES (139,24,1528,1,'','','301 Moved Permanently','','','','','','');
INSERT INTO "scans" VALUES (140,24,90,2,'2.4.41','','','','','','','','');
INSERT INTO "scans" VALUES (141,24,332,2,'','','UKRAINE','','','','UA','','');
INSERT INTO "scans" VALUES (142,24,455,2,'','','admin@domain.admi,guest@where.ever','','','','','','');
INSERT INTO "scans" VALUES (143,24,613,2,'','','','','','','','','');
INSERT INTO "scans" VALUES (144,24,616,2,'','Ubuntu Linux','Apache/2.4.41 (Ubuntu)','','','','','','');
INSERT INTO "scans" VALUES (145,24,694,2,'','','95.216.157.127','','','','','','');
INSERT INTO "scans" VALUES (146,24,733,2,'','','','','','','','','');
INSERT INTO "scans" VALUES (147,24,856,2,'','','WordPress 5.5.3','','','','','','');
INSERT INTO "scans" VALUES (148,24,1025,2,'website','','','','','','','','');
INSERT INTO "scans" VALUES (149,24,1318,2,'','','text/javascript','','','','','','');
INSERT INTO "scans" VALUES (150,24,1528,2,'','','Ikasten.IO &#8211; Learning, Aprendiendo','','','','','','');
INSERT INTO "scans" VALUES (151,24,1578,2,'','','link','','','','','','');
INSERT INTO "scans" VALUES (152,24,1716,2,'5.5.3','','','','','','','','');
INSERT INTO "scans" VALUES (153,25,90,1,'2.4.41','','','','','','','','');
INSERT INTO "scans" VALUES (154,25,332,1,'','','UKRAINE','','','','UA','','');
INSERT INTO "scans" VALUES (155,25,616,1,'','Ubuntu Linux','Apache/2.4.41 (Ubuntu)','','','','','','');
INSERT INTO "scans" VALUES (156,25,694,1,'','','95.216.157.127','','','','','','');
INSERT INTO "scans" VALUES (157,25,1272,1,'','','https://ikasten.io/','','','','','','');
INSERT INTO "scans" VALUES (158,25,1528,1,'','','301 Moved Permanently','','','','','','');
INSERT INTO "scans" VALUES (159,25,90,2,'2.4.41','','','','','','','','');
INSERT INTO "scans" VALUES (160,25,332,2,'','','UKRAINE','','','','UA','','');
INSERT INTO "scans" VALUES (161,25,455,2,'','','admin@domain.admi,guest@where.ever','','','','','','');
INSERT INTO "scans" VALUES (162,25,613,2,'','','','','','','','','');
INSERT INTO "scans" VALUES (163,25,616,2,'','Ubuntu Linux','Apache/2.4.41 (Ubuntu)','','','','','','');
INSERT INTO "scans" VALUES (164,25,694,2,'','','95.216.157.127','','','','','','');
INSERT INTO "scans" VALUES (165,25,733,2,'','','','','','','','','');
INSERT INTO "scans" VALUES (166,25,856,2,'','','WordPress 5.5.3','','','','','','');
INSERT INTO "scans" VALUES (167,25,1025,2,'website','','','','','','','','');
INSERT INTO "scans" VALUES (168,25,1318,2,'','','text/javascript','','','','','','');
INSERT INTO "scans" VALUES (169,25,1528,2,'','','Ikasten.IO &#8211; Learning, Aprendiendo','','','','','','');
INSERT INTO "scans" VALUES (170,25,1578,2,'','','link','','','','','','');
INSERT INTO "scans" VALUES (171,25,1716,2,'5.5.3','','','','','','','','');
INSERT INTO "scans" VALUES (172,26,90,1,'2.4.41','','','','','','','','');
INSERT INTO "scans" VALUES (173,26,332,1,'','','UKRAINE','','','','UA','','');
INSERT INTO "scans" VALUES (174,26,616,1,'','Ubuntu Linux','Apache/2.4.41 (Ubuntu)','','','','','','');
INSERT INTO "scans" VALUES (175,26,694,1,'','','95.216.157.127','','','','','','');
INSERT INTO "scans" VALUES (176,26,1272,1,'','','https://ikasten.io/','','','','','','');
INSERT INTO "scans" VALUES (177,26,1528,1,'','','301 Moved Permanently','','','','','','');
INSERT INTO "scans" VALUES (178,26,90,2,'2.4.41','','','','','','','','');
INSERT INTO "scans" VALUES (179,26,332,2,'','','UKRAINE','','','','UA','','');
INSERT INTO "scans" VALUES (180,26,455,2,'','','admin@domain.admi,guest@where.ever','','','','','','');
INSERT INTO "scans" VALUES (181,26,613,2,'','','','','','','','','');
INSERT INTO "scans" VALUES (182,26,616,2,'','Ubuntu Linux','Apache/2.4.41 (Ubuntu)','','','','','','');
INSERT INTO "scans" VALUES (183,26,694,2,'','','95.216.157.127','','','','','','');
INSERT INTO "scans" VALUES (184,26,733,2,'','','','','','','','','');
INSERT INTO "scans" VALUES (185,26,856,2,'','','WordPress 5.5.3','','','','','','');
INSERT INTO "scans" VALUES (186,26,1025,2,'website','','','','','','','','');
INSERT INTO "scans" VALUES (187,26,1318,2,'','','text/javascript','','','','','','');
INSERT INTO "scans" VALUES (188,26,1528,2,'','','Ikasten.IO &#8211; Learning, Aprendiendo','','','','','','');
INSERT INTO "scans" VALUES (189,26,1578,2,'','','link','','','','','','');
INSERT INTO "scans" VALUES (190,26,1716,2,'5.5.3','','','','','','','','');
INSERT INTO "scans" VALUES (191,27,90,1,'2.4.41','','','','','','','','');
INSERT INTO "scans" VALUES (192,27,332,1,'','','UKRAINE','','','','UA','','');
INSERT INTO "scans" VALUES (193,27,616,1,'','Ubuntu Linux','Apache/2.4.41 (Ubuntu)','','','','','','');
INSERT INTO "scans" VALUES (194,27,694,1,'','','95.216.157.127','','','','','','');
INSERT INTO "scans" VALUES (195,27,1272,1,'','','https://ikasten.io/','','','','','','');
INSERT INTO "scans" VALUES (196,27,1528,1,'','','301 Moved Permanently','','','','','','');
INSERT INTO "scans" VALUES (197,27,90,2,'2.4.41','','','','','','','','');
INSERT INTO "scans" VALUES (198,27,332,2,'','','UKRAINE','','','','UA','','');
INSERT INTO "scans" VALUES (199,27,455,2,'','','admin@domain.admi,guest@where.ever','','','','','','');
INSERT INTO "scans" VALUES (200,27,613,2,'','','','','','','','','');
INSERT INTO "scans" VALUES (201,27,616,2,'','Ubuntu Linux','Apache/2.4.41 (Ubuntu)','','','','','','');
INSERT INTO "scans" VALUES (202,27,694,2,'','','95.216.157.127','','','','','','');
INSERT INTO "scans" VALUES (203,27,733,2,'','','','','','','','','');
INSERT INTO "scans" VALUES (204,27,856,2,'','','WordPress 5.5.3','','','','','','');
INSERT INTO "scans" VALUES (205,27,1025,2,'website','','','','','','','','');
INSERT INTO "scans" VALUES (206,27,1318,2,'','','text/javascript','','','','','','');
INSERT INTO "scans" VALUES (207,27,1528,2,'','','Ikasten.IO &#8211; Learning, Aprendiendo','','','','','','');
INSERT INTO "scans" VALUES (208,27,1578,2,'','','link','','','','','','');
INSERT INTO "scans" VALUES (209,27,1716,2,'5.5.3','','','','','','','','');
INSERT INTO "scans" VALUES (210,28,90,1,'2.4.41','','','','','','','','');
INSERT INTO "scans" VALUES (211,28,332,1,'','','UKRAINE','','','','UA','','');
INSERT INTO "scans" VALUES (212,28,616,1,'','Ubuntu Linux','Apache/2.4.41 (Ubuntu)','','','','','','');
INSERT INTO "scans" VALUES (213,28,694,1,'','','95.216.157.127','','','','','','');
INSERT INTO "scans" VALUES (214,28,1272,1,'','','https://ikasten.io/','','','','','','');
INSERT INTO "scans" VALUES (215,28,1528,1,'','','301 Moved Permanently','','','','','','');
INSERT INTO "scans" VALUES (216,28,90,2,'2.4.41','','','','','','','','');
INSERT INTO "scans" VALUES (217,28,332,2,'','','UKRAINE','','','','UA','','');
INSERT INTO "scans" VALUES (218,28,455,2,'','','admin@domain.admi,guest@where.ever','','','','','','');
INSERT INTO "scans" VALUES (219,28,613,2,'','','','','','','','','');
INSERT INTO "scans" VALUES (220,28,616,2,'','Ubuntu Linux','Apache/2.4.41 (Ubuntu)','','','','','','');
INSERT INTO "scans" VALUES (221,28,694,2,'','','95.216.157.127','','','','','','');
INSERT INTO "scans" VALUES (222,28,733,2,'','','','','','','','','');
INSERT INTO "scans" VALUES (223,28,856,2,'','','WordPress 5.5.3','','','','','','');
INSERT INTO "scans" VALUES (224,28,1025,2,'website','','','','','','','','');
INSERT INTO "scans" VALUES (225,28,1318,2,'','','text/javascript','','','','','','');
INSERT INTO "scans" VALUES (226,28,1528,2,'','','Ikasten.IO &#8211; Learning, Aprendiendo','','','','','','');
INSERT INTO "scans" VALUES (227,28,1578,2,'','','link','','','','','','');
INSERT INTO "scans" VALUES (228,28,1716,2,'5.5.3','','','','','','','','');
INSERT INTO "scans" VALUES (229,29,90,1,'2.4.41','','','','','','','','');
INSERT INTO "scans" VALUES (230,29,332,1,'','','UKRAINE','','','','UA','','');
INSERT INTO "scans" VALUES (231,29,616,1,'','Ubuntu Linux','Apache/2.4.41 (Ubuntu)','','','','','','');
INSERT INTO "scans" VALUES (232,29,694,1,'','','95.216.157.127','','','','','','');
INSERT INTO "scans" VALUES (233,29,1272,1,'','','https://ikasten.io/','','','','','','');
INSERT INTO "scans" VALUES (234,29,1528,1,'','','301 Moved Permanently','','','','','','');
INSERT INTO "scans" VALUES (235,29,90,2,'2.4.41','','','','','','','','');
INSERT INTO "scans" VALUES (236,29,332,2,'','','UKRAINE','','','','UA','','');
INSERT INTO "scans" VALUES (237,29,455,2,'','','admin@domain.admi,guest@where.ever','','','','','','');
INSERT INTO "scans" VALUES (238,29,613,2,'','','','','','','','','');
INSERT INTO "scans" VALUES (239,29,616,2,'','Ubuntu Linux','Apache/2.4.41 (Ubuntu)','','','','','','');
INSERT INTO "scans" VALUES (240,29,694,2,'','','95.216.157.127','','','','','','');
INSERT INTO "scans" VALUES (241,29,733,2,'','','','','','','','','');
INSERT INTO "scans" VALUES (242,29,856,2,'','','WordPress 5.5.3','','','','','','');
INSERT INTO "scans" VALUES (243,29,1025,2,'website','','','','','','','','');
INSERT INTO "scans" VALUES (244,29,1318,2,'','','text/javascript','','','','','','');
INSERT INTO "scans" VALUES (245,29,1528,2,'','','Ikasten.IO &#8211; Learning, Aprendiendo','','','','','','');
INSERT INTO "scans" VALUES (246,29,1578,2,'','','link','','','','','','');
INSERT INTO "scans" VALUES (247,29,1716,2,'5.5.3','','','','','','','','');
INSERT INTO "scans" VALUES (248,30,90,1,'2.4.41','','','','','','','','');
INSERT INTO "scans" VALUES (249,30,332,1,'','','UKRAINE','','','','UA','','');
INSERT INTO "scans" VALUES (250,30,616,1,'','Ubuntu Linux','Apache/2.4.41 (Ubuntu)','','','','','','');
INSERT INTO "scans" VALUES (251,30,694,1,'','','95.216.157.127','','','','','','');
INSERT INTO "scans" VALUES (252,30,1272,1,'','','https://ikasten.io/','','','','','','');
INSERT INTO "scans" VALUES (253,30,1528,1,'','','301 Moved Permanently','','','','','','');
INSERT INTO "scans" VALUES (254,30,90,2,'2.4.41','','','','','','','','');
INSERT INTO "scans" VALUES (255,30,332,2,'','','UKRAINE','','','','UA','','');
INSERT INTO "scans" VALUES (256,30,455,2,'','','admin@domain.admi,guest@where.ever','','','','','','');
INSERT INTO "scans" VALUES (257,30,613,2,'','','','','','','','','');
INSERT INTO "scans" VALUES (258,30,616,2,'','Ubuntu Linux','Apache/2.4.41 (Ubuntu)','','','','','','');
INSERT INTO "scans" VALUES (259,30,694,2,'','','95.216.157.127','','','','','','');
INSERT INTO "scans" VALUES (260,30,733,2,'','','','','','','','','');
INSERT INTO "scans" VALUES (261,30,856,2,'','','WordPress 5.5.3','','','','','','');
INSERT INTO "scans" VALUES (262,30,1025,2,'website','','','','','','','','');
INSERT INTO "scans" VALUES (263,30,1318,2,'','','text/javascript','','','','','','');
INSERT INTO "scans" VALUES (264,30,1528,2,'','','Ikasten.IO &#8211; Learning, Aprendiendo','','','','','','');
INSERT INTO "scans" VALUES (265,30,1578,2,'','','link','','','','','','');
INSERT INTO "scans" VALUES (266,30,1716,2,'5.5.3','','','','','','','','');
INSERT INTO "scans" VALUES (267,31,90,1,'2.4.41','','','','','','','','');
INSERT INTO "scans" VALUES (268,31,332,1,'','','UKRAINE','','','','UA','','');
INSERT INTO "scans" VALUES (269,31,616,1,'','Ubuntu Linux','Apache/2.4.41 (Ubuntu)','','','','','','');
INSERT INTO "scans" VALUES (270,31,694,1,'','','95.216.157.127','','','','','','');
INSERT INTO "scans" VALUES (271,31,1272,1,'','','https://ikasten.io/','','','','','','');
INSERT INTO "scans" VALUES (272,31,1528,1,'','','301 Moved Permanently','','','','','','');
INSERT INTO "scans" VALUES (273,31,90,2,'2.4.41','','','','','','','','');
INSERT INTO "scans" VALUES (274,31,332,2,'','','UKRAINE','','','','UA','','');
INSERT INTO "scans" VALUES (275,31,455,2,'','','admin@domain.admi,guest@where.ever','','','','','','');
INSERT INTO "scans" VALUES (276,31,613,2,'','','','','','','','','');
INSERT INTO "scans" VALUES (277,31,616,2,'','Ubuntu Linux','Apache/2.4.41 (Ubuntu)','','','','','','');
INSERT INTO "scans" VALUES (278,31,694,2,'','','95.216.157.127','','','','','','');
INSERT INTO "scans" VALUES (279,31,733,2,'','','','','','','','','');
INSERT INTO "scans" VALUES (280,31,856,2,'','','WordPress 5.5.3','','','','','','');
INSERT INTO "scans" VALUES (281,31,1025,2,'website','','','','','','','','');
INSERT INTO "scans" VALUES (282,31,1318,2,'','','text/javascript','','','','','','');
INSERT INTO "scans" VALUES (283,31,1528,2,'','','Ikasten.IO &#8211; Learning, Aprendiendo','','','','','','');
INSERT INTO "scans" VALUES (284,31,1578,2,'','','link','','','','','','');
INSERT INTO "scans" VALUES (285,31,1716,2,'5.5.3','','','','','','','','');
INSERT INTO "scans" VALUES (286,32,90,1,'2.4.41','','','','','','','','');
INSERT INTO "scans" VALUES (287,32,332,1,'','','UKRAINE','','','','UA','','');
INSERT INTO "scans" VALUES (288,32,616,1,'','Ubuntu Linux','Apache/2.4.41 (Ubuntu)','','','','','','');
INSERT INTO "scans" VALUES (289,32,694,1,'','','95.216.157.127','','','','','','');
INSERT INTO "scans" VALUES (290,32,1272,1,'','','https://ikasten.io/','','','','','','');
INSERT INTO "scans" VALUES (291,32,1528,1,'','','301 Moved Permanently','','','','','','');
INSERT INTO "scans" VALUES (292,32,90,2,'2.4.41','','','','','','','','');
INSERT INTO "scans" VALUES (293,32,332,2,'','','UKRAINE','','','','UA','','');
INSERT INTO "scans" VALUES (294,32,455,2,'','','admin@domain.admi,guest@where.ever','','','','','','');
INSERT INTO "scans" VALUES (295,32,613,2,'','','','','','','','','');
INSERT INTO "scans" VALUES (296,32,616,2,'','Ubuntu Linux','Apache/2.4.41 (Ubuntu)','','','','','','');
INSERT INTO "scans" VALUES (297,32,694,2,'','','95.216.157.127','','','','','','');
INSERT INTO "scans" VALUES (298,32,733,2,'','','','','','','','','');
INSERT INTO "scans" VALUES (299,32,856,2,'','','WordPress 5.5.3','','','','','','');
INSERT INTO "scans" VALUES (300,32,1025,2,'website','','','','','','','','');
INSERT INTO "scans" VALUES (301,32,1318,2,'','','text/javascript','','','','','','');
INSERT INTO "scans" VALUES (302,32,1528,2,'','','Ikasten.IO &#8211; Learning, Aprendiendo','','','','','','');
INSERT INTO "scans" VALUES (303,32,1578,2,'','','link','','','','','','');
INSERT INTO "scans" VALUES (304,32,1716,2,'5.5.3','','','','','','','','');
INSERT INTO "scans" VALUES (305,33,90,1,'2.4.41','','','','','','','','');
INSERT INTO "scans" VALUES (306,33,332,1,'','','UKRAINE','','','','UA','','');
INSERT INTO "scans" VALUES (307,33,616,1,'','Ubuntu Linux','Apache/2.4.41 (Ubuntu)','','','','','','');
INSERT INTO "scans" VALUES (308,33,694,1,'','','95.216.157.127','','','','','','');
INSERT INTO "scans" VALUES (309,33,1272,1,'','','https://ikasten.io/','','','','','','');
INSERT INTO "scans" VALUES (310,33,1528,1,'','','301 Moved Permanently','','','','','','');
INSERT INTO "scans" VALUES (311,33,90,2,'2.4.41','','','','','','','','');
INSERT INTO "scans" VALUES (312,33,332,2,'','','UKRAINE','','','','UA','','');
INSERT INTO "scans" VALUES (313,33,455,2,'','','admin@domain.admi,guest@where.ever','','','','','','');
INSERT INTO "scans" VALUES (314,33,613,2,'','','','','','','','','');
INSERT INTO "scans" VALUES (315,33,616,2,'','Ubuntu Linux','Apache/2.4.41 (Ubuntu)','','','','','','');
INSERT INTO "scans" VALUES (316,33,694,2,'','','95.216.157.127','','','','','','');
INSERT INTO "scans" VALUES (317,33,733,2,'','','','','','','','','');
INSERT INTO "scans" VALUES (318,33,856,2,'','','WordPress 5.5.3','','','','','','');
INSERT INTO "scans" VALUES (319,33,1025,2,'website','','','','','','','','');
INSERT INTO "scans" VALUES (320,33,1318,2,'','','text/javascript','','','','','','');
INSERT INTO "scans" VALUES (321,33,1528,2,'','','Ikasten.IO &#8211; Learning, Aprendiendo','','','','','','');
INSERT INTO "scans" VALUES (322,33,1578,2,'','','link','','','','','','');
INSERT INTO "scans" VALUES (323,33,1716,2,'5.5.3','','','','','','','','');
INSERT INTO "scans" VALUES (324,34,90,1,'2.4.41','','','','','','','','');
INSERT INTO "scans" VALUES (325,34,332,1,'','','UKRAINE','','','','UA','','');
INSERT INTO "scans" VALUES (326,34,616,1,'','Ubuntu Linux','Apache/2.4.41 (Ubuntu)','','','','','','');
INSERT INTO "scans" VALUES (327,34,694,1,'','','95.216.157.127','','','','','','');
INSERT INTO "scans" VALUES (328,34,1272,1,'','','https://ikasten.io/','','','','','','');
INSERT INTO "scans" VALUES (329,34,1528,1,'','','301 Moved Permanently','','','','','','');
INSERT INTO "scans" VALUES (330,34,90,2,'2.4.41','','','','','','','','');
INSERT INTO "scans" VALUES (331,34,332,2,'','','UKRAINE','','','','UA','','');
INSERT INTO "scans" VALUES (332,34,455,2,'','','admin@domain.admi,guest@where.ever','','','','','','');
INSERT INTO "scans" VALUES (333,34,613,2,'','','','','','','','','');
INSERT INTO "scans" VALUES (334,34,616,2,'','Ubuntu Linux','Apache/2.4.41 (Ubuntu)','','','','','','');
INSERT INTO "scans" VALUES (335,34,694,2,'','','95.216.157.127','','','','','','');
INSERT INTO "scans" VALUES (336,34,733,2,'','','','','','','','','');
INSERT INTO "scans" VALUES (337,34,856,2,'','','WordPress 5.5.3','','','','','','');
INSERT INTO "scans" VALUES (338,34,1025,2,'website','','','','','','','','');
INSERT INTO "scans" VALUES (339,34,1318,2,'','','text/javascript','','','','','','');
INSERT INTO "scans" VALUES (340,34,1528,2,'','','Ikasten.IO &#8211; Learning, Aprendiendo','','','','','','');
INSERT INTO "scans" VALUES (341,34,1578,2,'','','link','','','','','','');
INSERT INTO "scans" VALUES (342,34,1716,2,'5.5.3','','','','','','','','');
INSERT INTO "scans" VALUES (343,35,90,1,'2.4.41','','','','','','','','');
INSERT INTO "scans" VALUES (344,35,332,1,'','','UKRAINE','','','','UA','','');
INSERT INTO "scans" VALUES (345,35,616,1,'','Ubuntu Linux','Apache/2.4.41 (Ubuntu)','','','','','','');
INSERT INTO "scans" VALUES (346,35,694,1,'','','95.216.157.127','','','','','','');
INSERT INTO "scans" VALUES (347,35,1272,1,'','','https://ikasten.io/','','','','','','');
INSERT INTO "scans" VALUES (348,35,1528,1,'','','301 Moved Permanently','','','','','','');
INSERT INTO "scans" VALUES (349,35,90,2,'2.4.41','','','','','','','','');
INSERT INTO "scans" VALUES (350,35,332,2,'','','UKRAINE','','','','UA','','');
INSERT INTO "scans" VALUES (351,35,455,2,'','','admin@domain.admi,guest@where.ever','','','','','','');
INSERT INTO "scans" VALUES (352,35,613,2,'','','','','','','','','');
INSERT INTO "scans" VALUES (353,35,616,2,'','Ubuntu Linux','Apache/2.4.41 (Ubuntu)','','','','','','');
INSERT INTO "scans" VALUES (354,35,694,2,'','','95.216.157.127','','','','','','');
INSERT INTO "scans" VALUES (355,35,733,2,'','','','','','','','','');
INSERT INTO "scans" VALUES (356,35,856,2,'','','WordPress 5.5.3','','','','','','');
INSERT INTO "scans" VALUES (357,35,1025,2,'website','','','','','','','','');
INSERT INTO "scans" VALUES (358,35,1318,2,'','','text/javascript','','','','','','');
INSERT INTO "scans" VALUES (359,35,1528,2,'','','Ikasten.IO &#8211; Learning, Aprendiendo','','','','','','');
INSERT INTO "scans" VALUES (360,35,1578,2,'','','link','','','','','','');
INSERT INTO "scans" VALUES (361,35,1716,2,'5.5.3','','','','','','','','');
INSERT INTO "scans" VALUES (362,36,90,1,'2.4.41','','','','','','','','');
INSERT INTO "scans" VALUES (363,36,332,1,'','','UKRAINE','','','','UA','','');
INSERT INTO "scans" VALUES (364,36,616,1,'','Ubuntu Linux','Apache/2.4.41 (Ubuntu)','','','','','','');
INSERT INTO "scans" VALUES (365,36,694,1,'','','95.216.157.127','','','','','','');
INSERT INTO "scans" VALUES (366,36,1272,1,'','','https://ikasten.io/','','','','','','');
INSERT INTO "scans" VALUES (367,36,1528,1,'','','301 Moved Permanently','','','','','','');
INSERT INTO "scans" VALUES (368,36,90,2,'2.4.41','','','','','','','','');
INSERT INTO "scans" VALUES (369,36,332,2,'','','UKRAINE','','','','UA','','');
INSERT INTO "scans" VALUES (370,36,455,2,'','','admin@domain.admi,guest@where.ever','','','','','','');
INSERT INTO "scans" VALUES (371,36,613,2,'','','','','','','','','');
INSERT INTO "scans" VALUES (372,36,616,2,'','Ubuntu Linux','Apache/2.4.41 (Ubuntu)','','','','','','');
INSERT INTO "scans" VALUES (373,36,694,2,'','','95.216.157.127','','','','','','');
INSERT INTO "scans" VALUES (374,36,733,2,'','','','','','','','','');
INSERT INTO "scans" VALUES (375,36,856,2,'','','WordPress 5.5.3','','','','','','');
INSERT INTO "scans" VALUES (376,36,1025,2,'website','','','','','','','','');
INSERT INTO "scans" VALUES (377,36,1318,2,'','','text/javascript','','','','','','');
INSERT INTO "scans" VALUES (378,36,1528,2,'','','Ikasten.IO &#8211; Learning, Aprendiendo','','','','','','');
INSERT INTO "scans" VALUES (379,36,1578,2,'','','link','','','','','','');
INSERT INTO "scans" VALUES (380,36,1716,2,'5.5.3','','','','','','','','');
INSERT INTO "scans" VALUES (381,39,90,1,'2.4.41','','','','','','','','');
INSERT INTO "scans" VALUES (382,39,332,1,'','','UKRAINE','','','','UA','','');
INSERT INTO "scans" VALUES (383,39,616,1,'','Ubuntu Linux','Apache/2.4.41 (Ubuntu)','','','','','','');
INSERT INTO "scans" VALUES (384,39,694,1,'','','95.216.157.127','','','','','','');
INSERT INTO "scans" VALUES (385,39,1272,1,'','','https://ikasten.io/','','','','','','');
INSERT INTO "scans" VALUES (386,39,1528,1,'','','301 Moved Permanently','','','','','','');
INSERT INTO "scans" VALUES (387,39,90,2,'2.4.41','','','','','','','','');
INSERT INTO "scans" VALUES (388,39,332,2,'','','UKRAINE','','','','UA','','');
INSERT INTO "scans" VALUES (389,39,455,2,'','','admin@domain.admi,guest@where.ever','','','','','','');
INSERT INTO "scans" VALUES (390,39,613,2,'','','','','','','','','');
INSERT INTO "scans" VALUES (391,39,616,2,'','Ubuntu Linux','Apache/2.4.41 (Ubuntu)','','','','','','');
INSERT INTO "scans" VALUES (392,39,694,2,'','','95.216.157.127','','','','','','');
INSERT INTO "scans" VALUES (393,39,733,2,'','','','','','','','','');
INSERT INTO "scans" VALUES (394,39,856,2,'','','WordPress 5.5.3','','','','','','');
INSERT INTO "scans" VALUES (395,39,1025,2,'website','','','','','','','','');
INSERT INTO "scans" VALUES (396,39,1318,2,'','','text/javascript','','','','','','');
INSERT INTO "scans" VALUES (397,39,1528,2,'','','Ikasten.IO &#8211; Learning, Aprendiendo','','','','','','');
INSERT INTO "scans" VALUES (398,39,1578,2,'','','link','','','','','','');
INSERT INTO "scans" VALUES (399,39,1716,2,'5.5.3','','','','','','','','');
INSERT INTO "scans" VALUES (400,42,90,1,'2.4.41','','','','','','','','');
INSERT INTO "scans" VALUES (401,42,332,1,'','','UKRAINE','','','','UA','','');
INSERT INTO "scans" VALUES (402,42,616,1,'','Ubuntu Linux','Apache/2.4.41 (Ubuntu)','','','','','','');
INSERT INTO "scans" VALUES (403,42,694,1,'','','95.216.157.127','','','','','','');
INSERT INTO "scans" VALUES (404,42,1272,1,'','','https://ikasten.io/','','','','','','');
INSERT INTO "scans" VALUES (405,42,1528,1,'','','301 Moved Permanently','','','','','','');
INSERT INTO "scans" VALUES (406,42,90,2,'2.4.41','','','','','','','','');
INSERT INTO "scans" VALUES (407,42,332,2,'','','UKRAINE','','','','UA','','');
INSERT INTO "scans" VALUES (408,42,455,2,'','','admin@domain.admi,guest@where.ever','','','','','','');
INSERT INTO "scans" VALUES (409,42,613,2,'','','','','','','','','');
INSERT INTO "scans" VALUES (410,42,616,2,'','Ubuntu Linux','Apache/2.4.41 (Ubuntu)','','','','','','');
INSERT INTO "scans" VALUES (411,42,694,2,'','','95.216.157.127','','','','','','');
INSERT INTO "scans" VALUES (412,42,733,2,'','','','','','','','','');
INSERT INTO "scans" VALUES (413,42,856,2,'','','WordPress 5.5.3','','','','','','');
INSERT INTO "scans" VALUES (414,42,1025,2,'website','','','','','','','','');
INSERT INTO "scans" VALUES (415,42,1318,2,'','','text/javascript','','','','','','');
INSERT INTO "scans" VALUES (416,42,1528,2,'','','Ikasten.IO &#8211; Learning, Aprendiendo','','','','','','');
INSERT INTO "scans" VALUES (417,42,1578,2,'','','link','','','','','','');
INSERT INTO "scans" VALUES (418,42,1716,2,'5.5.3','','','','','','','','');
INSERT INTO "scans" VALUES (419,44,90,1,'2.4.41','','','','','','','','');
INSERT INTO "scans" VALUES (420,44,332,1,'','','UKRAINE','','','','UA','','');
INSERT INTO "scans" VALUES (421,44,616,1,'','Ubuntu Linux','Apache/2.4.41 (Ubuntu)','','','','','','');
INSERT INTO "scans" VALUES (422,44,694,1,'','','95.216.157.127','','','','','','');
INSERT INTO "scans" VALUES (423,44,1272,1,'','','https://ikasten.io/','','','','','','');
INSERT INTO "scans" VALUES (424,44,1528,1,'','','301 Moved Permanently','','','','','','');
INSERT INTO "scans" VALUES (425,44,90,2,'2.4.41','','','','','','','','');
INSERT INTO "scans" VALUES (426,44,332,2,'','','UKRAINE','','','','UA','','');
INSERT INTO "scans" VALUES (427,44,455,2,'','','admin@domain.admi,guest@where.ever','','','','','','');
INSERT INTO "scans" VALUES (428,44,613,2,'','','','','','','','','');
INSERT INTO "scans" VALUES (429,44,616,2,'','Ubuntu Linux','Apache/2.4.41 (Ubuntu)','','','','','','');
INSERT INTO "scans" VALUES (430,44,694,2,'','','95.216.157.127','','','','','','');
INSERT INTO "scans" VALUES (431,44,733,2,'','','','','','','','','');
INSERT INTO "scans" VALUES (432,44,856,2,'','','WordPress 5.5.3','','','','','','');
INSERT INTO "scans" VALUES (433,44,1025,2,'website','','','','','','','','');
INSERT INTO "scans" VALUES (434,44,1318,2,'','','text/javascript','','','','','','');
INSERT INTO "scans" VALUES (435,44,1528,2,'','','Ikasten.IO &#8211; Learning, Aprendiendo','','','','','','');
INSERT INTO "scans" VALUES (436,44,1578,2,'','','link','','','','','','');
INSERT INTO "scans" VALUES (437,44,1716,2,'5.5.3','','','','','','','','');
INSERT INTO "scans" VALUES (438,45,332,5,'','','UNITED STATES','','','','US','','');
INSERT INTO "scans" VALUES (439,45,616,5,'','','gws','','','','','','');
INSERT INTO "scans" VALUES (440,45,694,5,'','','216.58.201.174','','','','','','');
INSERT INTO "scans" VALUES (441,45,1272,5,'','','http://www.google.com/','','','','','','');
INSERT INTO "scans" VALUES (442,45,1528,5,'','','301 Moved','','','','','','');
INSERT INTO "scans" VALUES (443,45,1741,5,'','','SAMEORIGIN','','','','','','');
INSERT INTO "scans" VALUES (444,45,1749,5,'','','0','','','','','','');
INSERT INTO "scans" VALUES (445,45,328,6,'','','NID','','','','','','');
INSERT INTO "scans" VALUES (446,45,332,6,'','','UNITED STATES','','','','US','','');
INSERT INTO "scans" VALUES (447,45,613,6,'','','','','','','','','');
INSERT INTO "scans" VALUES (448,45,616,6,'','','gws','','','','','','');
INSERT INTO "scans" VALUES (449,45,618,6,'','','NID','','','','','','');
INSERT INTO "scans" VALUES (450,45,694,6,'','','216.58.209.68','','','','','','');
INSERT INTO "scans" VALUES (451,45,1318,6,'','','','','','','','','');
INSERT INTO "scans" VALUES (452,45,1528,6,'','','Google','','','','','','');
INSERT INTO "scans" VALUES (453,45,1741,6,'','','SAMEORIGIN','','','','','','');
INSERT INTO "scans" VALUES (454,45,1749,6,'','','0','','','','','','');
INSERT INTO "scans" VALUES (455,46,332,5,'','','UNITED STATES','','','','US','','');
INSERT INTO "scans" VALUES (456,46,616,5,'','','gws','','','','','','');
INSERT INTO "scans" VALUES (457,46,694,5,'','','216.58.201.174','','','','','','');
INSERT INTO "scans" VALUES (458,46,1272,5,'','','http://www.google.com/','','','','','','');
INSERT INTO "scans" VALUES (459,46,1528,5,'','','301 Moved','','','','','','');
INSERT INTO "scans" VALUES (460,46,1741,5,'','','SAMEORIGIN','','','','','','');
INSERT INTO "scans" VALUES (461,46,1749,5,'','','0','','','','','','');
INSERT INTO "scans" VALUES (462,46,328,6,'','','NID','','','','','','');
INSERT INTO "scans" VALUES (463,46,332,6,'','','UNITED STATES','','','','US','','');
INSERT INTO "scans" VALUES (464,46,613,6,'','','','','','','','','');
INSERT INTO "scans" VALUES (465,46,616,6,'','','gws','','','','','','');
INSERT INTO "scans" VALUES (466,46,618,6,'','','NID','','','','','','');
INSERT INTO "scans" VALUES (467,46,694,6,'','','216.58.209.68','','','','','','');
INSERT INTO "scans" VALUES (468,46,1318,6,'','','','','','','','','');
INSERT INTO "scans" VALUES (469,46,1528,6,'','','Google','','','','','','');
INSERT INTO "scans" VALUES (470,46,1741,6,'','','SAMEORIGIN','','','','','','');
INSERT INTO "scans" VALUES (471,46,1749,6,'','','0','','','','','','');
INSERT INTO "scans" VALUES (472,47,90,1,'2.4.41','','','','','','','','');
INSERT INTO "scans" VALUES (473,47,332,1,'','','UKRAINE','','','','UA','','');
INSERT INTO "scans" VALUES (474,47,616,1,'','Ubuntu Linux','Apache/2.4.41 (Ubuntu)','','','','','','');
INSERT INTO "scans" VALUES (475,47,694,1,'','','95.216.157.127','','','','','','');
INSERT INTO "scans" VALUES (476,47,1272,1,'','','https://ikasten.io/','','','','','','');
INSERT INTO "scans" VALUES (477,47,1528,1,'','','301 Moved Permanently','','','','','','');
INSERT INTO "scans" VALUES (478,47,90,2,'2.4.41','','','','','','','','');
INSERT INTO "scans" VALUES (479,47,332,2,'','','UKRAINE','','','','UA','','');
INSERT INTO "scans" VALUES (480,47,455,2,'','','admin@domain.admi,guest@where.ever','','','','','','');
INSERT INTO "scans" VALUES (481,47,613,2,'','','','','','','','','');
INSERT INTO "scans" VALUES (482,47,616,2,'','Ubuntu Linux','Apache/2.4.41 (Ubuntu)','','','','','','');
INSERT INTO "scans" VALUES (483,47,694,2,'','','95.216.157.127','','','','','','');
INSERT INTO "scans" VALUES (484,47,733,2,'','','','','','','','','');
INSERT INTO "scans" VALUES (485,47,856,2,'','','WordPress 5.5.3','','','','','','');
INSERT INTO "scans" VALUES (486,47,1025,2,'website','','','','','','','','');
INSERT INTO "scans" VALUES (487,47,1318,2,'','','text/javascript','','','','','','');
INSERT INTO "scans" VALUES (488,47,1528,2,'','','Ikasten.IO &#8211; Learning, Aprendiendo','','','','','','');
INSERT INTO "scans" VALUES (489,47,1578,2,'','','link','','','','','','');
INSERT INTO "scans" VALUES (490,47,1716,2,'5.5.3','','','','','','','','');
INSERT INTO "scans" VALUES (491,48,90,1,'2.4.41','','','','','','','','');
INSERT INTO "scans" VALUES (492,48,332,1,'','','UKRAINE','','','','UA','','');
INSERT INTO "scans" VALUES (493,48,616,1,'','Ubuntu Linux','Apache/2.4.41 (Ubuntu)','','','','','','');
INSERT INTO "scans" VALUES (494,48,694,1,'','','95.216.157.127','','','','','','');
INSERT INTO "scans" VALUES (495,48,1272,1,'','','https://ikasten.io/','','','','','','');
INSERT INTO "scans" VALUES (496,48,1528,1,'','','301 Moved Permanently','','','','','','');
INSERT INTO "scans" VALUES (497,48,90,2,'2.4.41','','','','','','','','');
INSERT INTO "scans" VALUES (498,48,332,2,'','','UKRAINE','','','','UA','','');
INSERT INTO "scans" VALUES (499,48,455,2,'','','admin@domain.admi,guest@where.ever','','','','','','');
INSERT INTO "scans" VALUES (500,48,613,2,'','','','','','','','','');
INSERT INTO "scans" VALUES (501,48,616,2,'','Ubuntu Linux','Apache/2.4.41 (Ubuntu)','','','','','','');
INSERT INTO "scans" VALUES (502,48,694,2,'','','95.216.157.127','','','','','','');
INSERT INTO "scans" VALUES (503,48,733,2,'','','','','','','','','');
INSERT INTO "scans" VALUES (504,48,856,2,'','','WordPress 5.5.3','','','','','','');
INSERT INTO "scans" VALUES (505,48,1025,2,'website','','','','','','','','');
INSERT INTO "scans" VALUES (506,48,1318,2,'','','text/javascript','','','','','','');
INSERT INTO "scans" VALUES (507,48,1528,2,'','','Ikasten.IO &#8211; Learning, Aprendiendo','','','','','','');
INSERT INTO "scans" VALUES (508,48,1578,2,'','','link','','','','','','');
INSERT INTO "scans" VALUES (509,48,1716,2,'5.5.3','','','','','','','','');
INSERT INTO "scans" VALUES (510,49,90,1,'2.4.41','','','','','','','','');
INSERT INTO "scans" VALUES (511,49,332,1,'','','UKRAINE','','','','UA','','');
INSERT INTO "scans" VALUES (512,49,616,1,'','Ubuntu Linux','Apache/2.4.41 (Ubuntu)','','','','','','');
INSERT INTO "scans" VALUES (513,49,694,1,'','','95.216.157.127','','','','','','');
INSERT INTO "scans" VALUES (514,49,1272,1,'','','https://ikasten.io/','','','','','','');
INSERT INTO "scans" VALUES (515,49,1528,1,'','','301 Moved Permanently','','','','','','');
INSERT INTO "scans" VALUES (516,49,90,2,'2.4.41','','','','','','','','');
INSERT INTO "scans" VALUES (517,49,332,2,'','','UKRAINE','','','','UA','','');
INSERT INTO "scans" VALUES (518,49,455,2,'','','admin@domain.admi,guest@where.ever','','','','','','');
INSERT INTO "scans" VALUES (519,49,613,2,'','','','','','','','','');
INSERT INTO "scans" VALUES (520,49,616,2,'','Ubuntu Linux','Apache/2.4.41 (Ubuntu)','','','','','','');
INSERT INTO "scans" VALUES (521,49,694,2,'','','95.216.157.127','','','','','','');
INSERT INTO "scans" VALUES (522,49,733,2,'','','','','','','','','');
INSERT INTO "scans" VALUES (523,49,856,2,'','','WordPress 5.5.3','','','','','','');
INSERT INTO "scans" VALUES (524,49,1025,2,'website','','','','','','','','');
INSERT INTO "scans" VALUES (525,49,1318,2,'','','text/javascript','','','','','','');
INSERT INTO "scans" VALUES (526,49,1528,2,'','','Ikasten.IO &#8211; Learning, Aprendiendo','','','','','','');
INSERT INTO "scans" VALUES (527,49,1578,2,'','','link','','','','','','');
INSERT INTO "scans" VALUES (528,49,1716,2,'5.5.3','','','','','','','','');
INSERT INTO "scans" VALUES (529,50,332,5,'','','UNITED STATES','','','','US','','');
INSERT INTO "scans" VALUES (530,50,616,5,'','','gws','','','','','','');
INSERT INTO "scans" VALUES (531,50,694,5,'','','216.58.201.174','','','','','','');
INSERT INTO "scans" VALUES (532,50,1272,5,'','','http://www.google.com/','','','','','','');
INSERT INTO "scans" VALUES (533,50,1528,5,'','','301 Moved','','','','','','');
INSERT INTO "scans" VALUES (534,50,1741,5,'','','SAMEORIGIN','','','','','','');
INSERT INTO "scans" VALUES (535,50,1749,5,'','','0','','','','','','');
INSERT INTO "scans" VALUES (536,50,328,6,'','','NID','','','','','','');
INSERT INTO "scans" VALUES (537,50,332,6,'','','UNITED STATES','','','','US','','');
INSERT INTO "scans" VALUES (538,50,613,6,'','','','','','','','','');
INSERT INTO "scans" VALUES (539,50,616,6,'','','gws','','','','','','');
INSERT INTO "scans" VALUES (540,50,618,6,'','','NID','','','','','','');
INSERT INTO "scans" VALUES (541,50,694,6,'','','216.58.209.68','','','','','','');
INSERT INTO "scans" VALUES (542,50,1318,6,'','','','','','','','','');
INSERT INTO "scans" VALUES (543,50,1528,6,'','','Google','','','','','','');
INSERT INTO "scans" VALUES (544,50,1741,6,'','','SAMEORIGIN','','','','','','');
INSERT INTO "scans" VALUES (545,50,1749,6,'','','0','','','','','','');
INSERT INTO "scans" VALUES (546,51,332,5,'','','UNITED STATES','','','','US','','');
INSERT INTO "scans" VALUES (547,51,616,5,'','','gws','','','','','','');
INSERT INTO "scans" VALUES (548,51,694,5,'','','216.58.201.174','','','','','','');
INSERT INTO "scans" VALUES (549,51,1272,5,'','','http://www.google.com/','','','','','','');
INSERT INTO "scans" VALUES (550,51,1528,5,'','','301 Moved','','','','','','');
INSERT INTO "scans" VALUES (551,51,1741,5,'','','SAMEORIGIN','','','','','','');
INSERT INTO "scans" VALUES (552,51,1749,5,'','','0','','','','','','');
INSERT INTO "scans" VALUES (553,51,328,6,'','','NID','','','','','','');
INSERT INTO "scans" VALUES (554,51,332,6,'','','UNITED STATES','','','','US','','');
INSERT INTO "scans" VALUES (555,51,613,6,'','','','','','','','','');
INSERT INTO "scans" VALUES (556,51,616,6,'','','gws','','','','','','');
INSERT INTO "scans" VALUES (557,51,618,6,'','','NID','','','','','','');
INSERT INTO "scans" VALUES (558,51,694,6,'','','216.58.209.68','','','','','','');
INSERT INTO "scans" VALUES (559,51,1318,6,'','','','','','','','','');
INSERT INTO "scans" VALUES (560,51,1528,6,'','','Google','','','','','','');
INSERT INTO "scans" VALUES (561,51,1741,6,'','','SAMEORIGIN','','','','','','');
INSERT INTO "scans" VALUES (562,51,1749,6,'','','0','','','','','','');
INSERT INTO "scans" VALUES (563,52,90,1,'2.4.41','','','','','','','','');
INSERT INTO "scans" VALUES (564,52,332,1,'','','UKRAINE','','','','UA','','');
INSERT INTO "scans" VALUES (565,52,616,1,'','Ubuntu Linux','Apache/2.4.41 (Ubuntu)','','','','','','');
INSERT INTO "scans" VALUES (566,52,694,1,'','','95.216.157.127','','','','','','');
INSERT INTO "scans" VALUES (567,52,1272,1,'','','https://ikasten.io/','','','','','','');
INSERT INTO "scans" VALUES (568,52,1528,1,'','','301 Moved Permanently','','','','','','');
INSERT INTO "scans" VALUES (569,52,90,2,'2.4.41','','','','','','','','');
INSERT INTO "scans" VALUES (570,52,332,2,'','','UKRAINE','','','','UA','','');
INSERT INTO "scans" VALUES (571,52,455,2,'','','admin@domain.admi,guest@where.ever','','','','','','');
INSERT INTO "scans" VALUES (572,52,613,2,'','','','','','','','','');
INSERT INTO "scans" VALUES (573,52,616,2,'','Ubuntu Linux','Apache/2.4.41 (Ubuntu)','','','','','','');
INSERT INTO "scans" VALUES (574,52,694,2,'','','95.216.157.127','','','','','','');
INSERT INTO "scans" VALUES (575,52,733,2,'','','','','','','','','');
INSERT INTO "scans" VALUES (576,52,856,2,'','','WordPress 5.5.3','','','','','','');
INSERT INTO "scans" VALUES (577,52,1025,2,'website','','','','','','','','');
INSERT INTO "scans" VALUES (578,52,1318,2,'','','text/javascript','','','','','','');
INSERT INTO "scans" VALUES (579,52,1528,2,'','','Ikasten.IO &#8211; Learning, Aprendiendo','','','','','','');
INSERT INTO "scans" VALUES (580,52,1578,2,'','','link','','','','','','');
INSERT INTO "scans" VALUES (581,52,1716,2,'5.5.3','','','','','','','','');
INSERT INTO "scans" VALUES (582,53,90,1,'2.4.41','','','','','','','','');
INSERT INTO "scans" VALUES (583,53,332,1,'','','UKRAINE','','','','UA','','');
INSERT INTO "scans" VALUES (584,53,616,1,'','Ubuntu Linux','Apache/2.4.41 (Ubuntu)','','','','','','');
INSERT INTO "scans" VALUES (585,53,694,1,'','','95.216.157.127','','','','','','');
INSERT INTO "scans" VALUES (586,53,1272,1,'','','https://ikasten.io/','','','','','','');
INSERT INTO "scans" VALUES (587,53,1528,1,'','','301 Moved Permanently','','','','','','');
INSERT INTO "scans" VALUES (588,53,90,2,'2.4.41','','','','','','','','');
INSERT INTO "scans" VALUES (589,53,332,2,'','','UKRAINE','','','','UA','','');
INSERT INTO "scans" VALUES (590,53,455,2,'','','admin@domain.admi,guest@where.ever','','','','','','');
INSERT INTO "scans" VALUES (591,53,613,2,'','','','','','','','','');
INSERT INTO "scans" VALUES (592,53,616,2,'','Ubuntu Linux','Apache/2.4.41 (Ubuntu)','','','','','','');
INSERT INTO "scans" VALUES (593,53,694,2,'','','95.216.157.127','','','','','','');
INSERT INTO "scans" VALUES (594,53,733,2,'','','','','','','','','');
INSERT INTO "scans" VALUES (595,53,856,2,'','','WordPress 5.5.3','','','','','','');
INSERT INTO "scans" VALUES (596,53,1025,2,'website','','','','','','','','');
INSERT INTO "scans" VALUES (597,53,1318,2,'','','text/javascript','','','','','','');
INSERT INTO "scans" VALUES (598,53,1528,2,'','','Ikasten.IO &#8211; Learning, Aprendiendo','','','','','','');
INSERT INTO "scans" VALUES (599,53,1578,2,'','','link','','','','','','');
INSERT INTO "scans" VALUES (600,53,1716,2,'5.5.3','','','','','','','','');
INSERT INTO "scans" VALUES (601,54,332,5,'','','UNITED STATES','','','','US','','');
INSERT INTO "scans" VALUES (602,54,616,5,'','','gws','','','','','','');
INSERT INTO "scans" VALUES (603,54,694,5,'','','216.58.201.174','','','','','','');
INSERT INTO "scans" VALUES (604,54,1272,5,'','','http://www.google.com/','','','','','','');
INSERT INTO "scans" VALUES (605,54,1528,5,'','','301 Moved','','','','','','');
INSERT INTO "scans" VALUES (606,54,1741,5,'','','SAMEORIGIN','','','','','','');
INSERT INTO "scans" VALUES (607,54,1749,5,'','','0','','','','','','');
INSERT INTO "scans" VALUES (608,54,328,6,'','','NID','','','','','','');
INSERT INTO "scans" VALUES (609,54,332,6,'','','UNITED STATES','','','','US','','');
INSERT INTO "scans" VALUES (610,54,613,6,'','','','','','','','','');
INSERT INTO "scans" VALUES (611,54,616,6,'','','gws','','','','','','');
INSERT INTO "scans" VALUES (612,54,618,6,'','','NID','','','','','','');
INSERT INTO "scans" VALUES (613,54,694,6,'','','216.58.209.68','','','','','','');
INSERT INTO "scans" VALUES (614,54,1318,6,'','','','','','','','','');
INSERT INTO "scans" VALUES (615,54,1528,6,'','','Google','','','','','','');
INSERT INTO "scans" VALUES (616,54,1741,6,'','','SAMEORIGIN','','','','','','');
INSERT INTO "scans" VALUES (617,54,1749,6,'','','0','','','','','','');
INSERT INTO "scans" VALUES (618,55,332,5,'','','UNITED STATES','','','','US','','');
INSERT INTO "scans" VALUES (619,55,616,5,'','','gws','','','','','','');
INSERT INTO "scans" VALUES (620,55,694,5,'','','216.58.201.174','','','','','','');
INSERT INTO "scans" VALUES (621,55,1272,5,'','','http://www.google.com/','','','','','','');
INSERT INTO "scans" VALUES (622,55,1528,5,'','','301 Moved','','','','','','');
INSERT INTO "scans" VALUES (623,55,1741,5,'','','SAMEORIGIN','','','','','','');
INSERT INTO "scans" VALUES (624,55,1749,5,'','','0','','','','','','');
INSERT INTO "scans" VALUES (625,55,328,6,'','','NID','','','','','','');
INSERT INTO "scans" VALUES (626,55,332,6,'','','UNITED STATES','','','','US','','');
INSERT INTO "scans" VALUES (627,55,613,6,'','','','','','','','','');
INSERT INTO "scans" VALUES (628,55,616,6,'','','gws','','','','','','');
INSERT INTO "scans" VALUES (629,55,618,6,'','','NID','','','','','','');
INSERT INTO "scans" VALUES (630,55,694,6,'','','216.58.209.68','','','','','','');
INSERT INTO "scans" VALUES (631,55,1318,6,'','','','','','','','','');
INSERT INTO "scans" VALUES (632,55,1528,6,'','','Google','','','','','','');
INSERT INTO "scans" VALUES (633,55,1741,6,'','','SAMEORIGIN','','','','','','');
INSERT INTO "scans" VALUES (634,55,1749,6,'','','0','','','','','','');
INSERT INTO "scans" VALUES (635,56,332,5,'','','UNITED STATES','','','','US','','');
INSERT INTO "scans" VALUES (636,56,616,5,'','','gws','','','','','','');
INSERT INTO "scans" VALUES (637,56,694,5,'','','216.58.201.174','','','','','','');
INSERT INTO "scans" VALUES (638,56,1272,5,'','','http://www.google.com/','','','','','','');
INSERT INTO "scans" VALUES (639,56,1528,5,'','','301 Moved','','','','','','');
INSERT INTO "scans" VALUES (640,56,1741,5,'','','SAMEORIGIN','','','','','','');
INSERT INTO "scans" VALUES (641,56,1749,5,'','','0','','','','','','');
INSERT INTO "scans" VALUES (642,56,328,6,'','','NID','','','','','','');
INSERT INTO "scans" VALUES (643,56,332,6,'','','UNITED STATES','','','','US','','');
INSERT INTO "scans" VALUES (644,56,613,6,'','','','','','','','','');
INSERT INTO "scans" VALUES (645,56,616,6,'','','gws','','','','','','');
INSERT INTO "scans" VALUES (646,56,618,6,'','','NID','','','','','','');
INSERT INTO "scans" VALUES (647,56,694,6,'','','216.58.209.68','','','','','','');
INSERT INTO "scans" VALUES (648,56,1318,6,'','','','','','','','','');
INSERT INTO "scans" VALUES (649,56,1528,6,'','','Google','','','','','','');
INSERT INTO "scans" VALUES (650,56,1741,6,'','','SAMEORIGIN','','','','','','');
INSERT INTO "scans" VALUES (651,56,1749,6,'','','0','','','','','','');
INSERT INTO "scans" VALUES (652,57,328,29,'','','prov','','','','','','');
INSERT INTO "scans" VALUES (653,57,332,29,'','','UNITED STATES','','','','US','','');
INSERT INTO "scans" VALUES (654,57,616,29,'','','Microsoft-IIS/10.0','','','','','','');
INSERT INTO "scans" VALUES (655,57,618,29,'','','prov','','','','','','');
INSERT INTO "scans" VALUES (656,57,694,29,'','','151.101.1.69','','','','','','');
INSERT INTO "scans" VALUES (657,57,868,29,'10.0','','','','','','','','');
INSERT INTO "scans" VALUES (658,57,1272,29,'','','https://stackoverflow.com/','','','','','','');
INSERT INTO "scans" VALUES (659,57,1578,29,'','','x-flags,x-aspnet-duration-ms,x-request-guid,x-is-crawler,x-providence-cookie,feature-policy,content-security-policy,x-served-by,x-cache-hits,x-timer,x-dns-prefetch-control','','','','','','');
INSERT INTO "scans" VALUES (660,57,1600,29,'','','1.1 varnish','','','','','','');
INSERT INTO "scans" VALUES (661,57,328,30,'','','prov','','','','','','');
INSERT INTO "scans" VALUES (662,57,332,30,'','','UNITED STATES','','','','US','','');
INSERT INTO "scans" VALUES (663,57,455,30,'','','apple-touch-icon@2.png','','','','','','');
INSERT INTO "scans" VALUES (664,57,613,30,'','','','','','','','','');
INSERT INTO "scans" VALUES (665,57,616,30,'','','Microsoft-IIS/10.0','','','','','','');
INSERT INTO "scans" VALUES (666,57,618,30,'','','prov','','','','','','');
INSERT INTO "scans" VALUES (667,57,694,30,'','','151.101.129.69','','','','','','');
INSERT INTO "scans" VALUES (668,57,733,30,'1.12.4','','','','','','','','');
INSERT INTO "scans" VALUES (669,57,868,30,'10.0','','','','','','','','');
INSERT INTO "scans" VALUES (670,57,1025,30,'','','','','','','','','');
INSERT INTO "scans" VALUES (671,57,1045,30,'','','/opensearch.xml','','','','','','');
INSERT INTO "scans" VALUES (672,57,1318,30,'','','','','','','','','');
INSERT INTO "scans" VALUES (673,57,1438,30,'','','','','','','','','');
INSERT INTO "scans" VALUES (674,57,1447,30,'','','max-age=15552000','','','','','','');
INSERT INTO "scans" VALUES (675,57,1528,30,'','','Stack Overflow - Where Developers Learn, Share, &amp; Build Careers','','','','','','');
INSERT INTO "scans" VALUES (676,57,1578,30,'','','x-route-name,x-flags,x-aspnet-duration-ms,x-request-guid,x-is-crawler,x-providence-cookie,feature-policy,content-security-policy,x-page-view,x-served-by,x-cache-hits,x-timer,x-dns-prefetch-control','','','','','','');
INSERT INTO "scans" VALUES (677,57,1600,30,'','','1.1 varnish','','','','','','');
INSERT INTO "scans" VALUES (678,57,1741,30,'','','SAMEORIGIN','','','','','','');
INSERT INTO "scans" VALUES (679,58,332,5,'','','UNITED STATES','','','','US','','');
INSERT INTO "scans" VALUES (680,58,616,5,'','','gws','','','','','','');
INSERT INTO "scans" VALUES (681,58,694,5,'','','216.58.201.174','','','','','','');
INSERT INTO "scans" VALUES (682,58,1272,5,'','','http://www.google.com/','','','','','','');
INSERT INTO "scans" VALUES (683,58,1528,5,'','','301 Moved','','','','','','');
INSERT INTO "scans" VALUES (684,58,1741,5,'','','SAMEORIGIN','','','','','','');
INSERT INTO "scans" VALUES (685,58,1749,5,'','','0','','','','','','');
INSERT INTO "scans" VALUES (686,58,328,6,'','','NID','','','','','','');
INSERT INTO "scans" VALUES (687,58,332,6,'','','UNITED STATES','','','','US','','');
INSERT INTO "scans" VALUES (688,58,613,6,'','','','','','','','','');
INSERT INTO "scans" VALUES (689,58,616,6,'','','gws','','','','','','');
INSERT INTO "scans" VALUES (690,58,618,6,'','','NID','','','','','','');
INSERT INTO "scans" VALUES (691,58,694,6,'','','216.58.209.68','','','','','','');
INSERT INTO "scans" VALUES (692,58,1318,6,'','','','','','','','','');
INSERT INTO "scans" VALUES (693,58,1528,6,'','','Google','','','','','','');
INSERT INTO "scans" VALUES (694,58,1741,6,'','','SAMEORIGIN','','','','','','');
INSERT INTO "scans" VALUES (695,58,1749,6,'','','0','','','','','','');
INSERT INTO "scans" VALUES (696,59,328,29,'','','prov','','','','','','');
INSERT INTO "scans" VALUES (697,59,332,29,'','','UNITED STATES','','','','US','','');
INSERT INTO "scans" VALUES (698,59,616,29,'','','Microsoft-IIS/10.0','','','','','','');
INSERT INTO "scans" VALUES (699,59,618,29,'','','prov','','','','','','');
INSERT INTO "scans" VALUES (700,59,694,29,'','','151.101.1.69','','','','','','');
INSERT INTO "scans" VALUES (701,59,868,29,'10.0','','','','','','','','');
INSERT INTO "scans" VALUES (702,59,1272,29,'','','https://stackoverflow.com/','','','','','','');
INSERT INTO "scans" VALUES (703,59,1578,29,'','','x-flags,x-aspnet-duration-ms,x-request-guid,x-is-crawler,x-providence-cookie,feature-policy,content-security-policy,x-served-by,x-cache-hits,x-timer,x-dns-prefetch-control','','','','','','');
INSERT INTO "scans" VALUES (704,59,1600,29,'','','1.1 varnish','','','','','','');
INSERT INTO "scans" VALUES (705,59,328,30,'','','prov','','','','','','');
INSERT INTO "scans" VALUES (706,59,332,30,'','','UNITED STATES','','','','US','','');
INSERT INTO "scans" VALUES (707,59,455,30,'','','apple-touch-icon@2.png','','','','','','');
INSERT INTO "scans" VALUES (708,59,613,30,'','','','','','','','','');
INSERT INTO "scans" VALUES (709,59,616,30,'','','Microsoft-IIS/10.0','','','','','','');
INSERT INTO "scans" VALUES (710,59,618,30,'','','prov','','','','','','');
INSERT INTO "scans" VALUES (711,59,694,30,'','','151.101.129.69','','','','','','');
INSERT INTO "scans" VALUES (712,59,733,30,'1.12.4','','','','','','','','');
INSERT INTO "scans" VALUES (713,59,868,30,'10.0','','','','','','','','');
INSERT INTO "scans" VALUES (714,59,1025,30,'','','','','','','','','');
INSERT INTO "scans" VALUES (715,59,1045,30,'','','/opensearch.xml','','','','','','');
INSERT INTO "scans" VALUES (716,59,1318,30,'','','','','','','','','');
INSERT INTO "scans" VALUES (717,59,1438,30,'','','','','','','','','');
INSERT INTO "scans" VALUES (718,59,1447,30,'','','max-age=15552000','','','','','','');
INSERT INTO "scans" VALUES (719,59,1528,30,'','','Stack Overflow - Where Developers Learn, Share, &amp; Build Careers','','','','','','');
INSERT INTO "scans" VALUES (720,59,1578,30,'','','x-route-name,x-flags,x-aspnet-duration-ms,x-request-guid,x-is-crawler,x-providence-cookie,feature-policy,content-security-policy,x-page-view,x-served-by,x-cache-hits,x-timer,x-dns-prefetch-control','','','','','','');
INSERT INTO "scans" VALUES (721,59,1600,30,'','','1.1 varnish','','','','','','');
INSERT INTO "scans" VALUES (722,59,1741,30,'','','SAMEORIGIN','','','','','','');
INSERT INTO "scans" VALUES (723,60,90,1,'2.4.41','','','','','','','','');
INSERT INTO "scans" VALUES (724,60,332,1,'','','UKRAINE','','','','UA','','');
INSERT INTO "scans" VALUES (725,60,616,1,'','Ubuntu Linux','Apache/2.4.41 (Ubuntu)','','','','','','');
INSERT INTO "scans" VALUES (726,60,694,1,'','','95.216.157.127','','','','','','');
INSERT INTO "scans" VALUES (727,60,1272,1,'','','https://ikasten.io/','','','','','','');
INSERT INTO "scans" VALUES (728,60,1528,1,'','','301 Moved Permanently','','','','','','');
INSERT INTO "scans" VALUES (729,60,90,2,'2.4.41','','','','','','','','');
INSERT INTO "scans" VALUES (730,60,332,2,'','','UKRAINE','','','','UA','','');
INSERT INTO "scans" VALUES (731,60,455,2,'','','admin@domain.admi,guest@where.ever','','','','','','');
INSERT INTO "scans" VALUES (732,60,613,2,'','','','','','','','','');
INSERT INTO "scans" VALUES (733,60,616,2,'','Ubuntu Linux','Apache/2.4.41 (Ubuntu)','','','','','','');
INSERT INTO "scans" VALUES (734,60,694,2,'','','95.216.157.127','','','','','','');
INSERT INTO "scans" VALUES (735,60,733,2,'','','','','','','','','');
INSERT INTO "scans" VALUES (736,60,856,2,'','','WordPress 5.5.3','','','','','','');
INSERT INTO "scans" VALUES (737,60,1025,2,'website','','','','','','','','');
INSERT INTO "scans" VALUES (738,60,1318,2,'','','text/javascript','','','','','','');
INSERT INTO "scans" VALUES (739,60,1528,2,'','','Ikasten.IO &#8211; Learning, Aprendiendo','','','','','','');
INSERT INTO "scans" VALUES (740,60,1578,2,'','','link','','','','','','');
INSERT INTO "scans" VALUES (741,60,1716,2,'5.5.3','','','','','','','','');
INSERT INTO "scans" VALUES (742,61,332,5,'','','UNITED STATES','','','','US','','');
INSERT INTO "scans" VALUES (743,61,616,5,'','','gws','','','','','','');
INSERT INTO "scans" VALUES (744,61,694,5,'','','216.58.201.174','','','','','','');
INSERT INTO "scans" VALUES (745,61,1272,5,'','','http://www.google.com/','','','','','','');
INSERT INTO "scans" VALUES (746,61,1528,5,'','','301 Moved','','','','','','');
INSERT INTO "scans" VALUES (747,61,1741,5,'','','SAMEORIGIN','','','','','','');
INSERT INTO "scans" VALUES (748,61,1749,5,'','','0','','','','','','');
INSERT INTO "scans" VALUES (749,61,328,6,'','','NID','','','','','','');
INSERT INTO "scans" VALUES (750,61,332,6,'','','UNITED STATES','','','','US','','');
INSERT INTO "scans" VALUES (751,61,613,6,'','','','','','','','','');
INSERT INTO "scans" VALUES (752,61,616,6,'','','gws','','','','','','');
INSERT INTO "scans" VALUES (753,61,618,6,'','','NID','','','','','','');
INSERT INTO "scans" VALUES (754,61,694,6,'','','216.58.209.68','','','','','','');
INSERT INTO "scans" VALUES (755,61,1318,6,'','','','','','','','','');
INSERT INTO "scans" VALUES (756,61,1528,6,'','','Google','','','','','','');
INSERT INTO "scans" VALUES (757,61,1741,6,'','','SAMEORIGIN','','','','','','');
INSERT INTO "scans" VALUES (758,61,1749,6,'','','0','','','','','','');
INSERT INTO "scans" VALUES (759,62,328,29,'','','prov','','','','','','');
INSERT INTO "scans" VALUES (760,62,332,29,'','','UNITED STATES','','','','US','','');
INSERT INTO "scans" VALUES (761,62,616,29,'','','Microsoft-IIS/10.0','','','','','','');
INSERT INTO "scans" VALUES (762,62,618,29,'','','prov','','','','','','');
INSERT INTO "scans" VALUES (763,62,694,29,'','','151.101.1.69','','','','','','');
INSERT INTO "scans" VALUES (764,62,868,29,'10.0','','','','','','','','');
INSERT INTO "scans" VALUES (765,62,1272,29,'','','https://stackoverflow.com/','','','','','','');
INSERT INTO "scans" VALUES (766,62,1578,29,'','','x-flags,x-aspnet-duration-ms,x-request-guid,x-is-crawler,x-providence-cookie,feature-policy,content-security-policy,x-served-by,x-cache-hits,x-timer,x-dns-prefetch-control','','','','','','');
INSERT INTO "scans" VALUES (767,62,1600,29,'','','1.1 varnish','','','','','','');
INSERT INTO "scans" VALUES (768,62,328,30,'','','prov','','','','','','');
INSERT INTO "scans" VALUES (769,62,332,30,'','','UNITED STATES','','','','US','','');
INSERT INTO "scans" VALUES (770,62,455,30,'','','apple-touch-icon@2.png','','','','','','');
INSERT INTO "scans" VALUES (771,62,613,30,'','','','','','','','','');
INSERT INTO "scans" VALUES (772,62,616,30,'','','Microsoft-IIS/10.0','','','','','','');
INSERT INTO "scans" VALUES (773,62,618,30,'','','prov','','','','','','');
INSERT INTO "scans" VALUES (774,62,694,30,'','','151.101.129.69','','','','','','');
INSERT INTO "scans" VALUES (775,62,733,30,'1.12.4','','','','','','','','');
INSERT INTO "scans" VALUES (776,62,868,30,'10.0','','','','','','','','');
INSERT INTO "scans" VALUES (777,62,1025,30,'','','','','','','','','');
INSERT INTO "scans" VALUES (778,62,1045,30,'','','/opensearch.xml','','','','','','');
INSERT INTO "scans" VALUES (779,62,1318,30,'','','','','','','','','');
INSERT INTO "scans" VALUES (780,62,1438,30,'','','','','','','','','');
INSERT INTO "scans" VALUES (781,62,1447,30,'','','max-age=15552000','','','','','','');
INSERT INTO "scans" VALUES (782,62,1528,30,'','','Stack Overflow - Where Developers Learn, Share, &amp; Build Careers','','','','','','');
INSERT INTO "scans" VALUES (783,62,1578,30,'','','x-route-name,x-flags,x-aspnet-duration-ms,x-request-guid,x-is-crawler,x-providence-cookie,feature-policy,content-security-policy,x-page-view,x-served-by,x-cache-hits,x-timer,x-dns-prefetch-control','','','','','','');
INSERT INTO "scans" VALUES (784,62,1600,30,'','','1.1 varnish','','','','','','');
INSERT INTO "scans" VALUES (785,62,1741,30,'','','SAMEORIGIN','','','','','','');
INSERT INTO "scans" VALUES (786,63,90,1,'2.4.41','','','','','','','','');
INSERT INTO "scans" VALUES (787,63,332,1,'','','UKRAINE','','','','UA','','');
INSERT INTO "scans" VALUES (788,63,616,1,'','Ubuntu Linux','Apache/2.4.41 (Ubuntu)','','','','','','');
INSERT INTO "scans" VALUES (789,63,694,1,'','','95.216.157.127','','','','','','');
INSERT INTO "scans" VALUES (790,63,1272,1,'','','https://ikasten.io/','','','','','','');
INSERT INTO "scans" VALUES (791,63,1528,1,'','','301 Moved Permanently','','','','','','');
INSERT INTO "scans" VALUES (792,63,90,2,'2.4.41','','','','','','','','');
INSERT INTO "scans" VALUES (793,63,332,2,'','','UKRAINE','','','','UA','','');
INSERT INTO "scans" VALUES (794,63,455,2,'','','admin@domain.admi,guest@where.ever','','','','','','');
INSERT INTO "scans" VALUES (795,63,613,2,'','','','','','','','','');
INSERT INTO "scans" VALUES (796,63,616,2,'','Ubuntu Linux','Apache/2.4.41 (Ubuntu)','','','','','','');
INSERT INTO "scans" VALUES (797,63,694,2,'','','95.216.157.127','','','','','','');
INSERT INTO "scans" VALUES (798,63,733,2,'','','','','','','','','');
INSERT INTO "scans" VALUES (799,63,856,2,'','','WordPress 5.5.3','','','','','','');
INSERT INTO "scans" VALUES (800,63,1025,2,'website','','','','','','','','');
INSERT INTO "scans" VALUES (801,63,1318,2,'','','text/javascript','','','','','','');
INSERT INTO "scans" VALUES (802,63,1528,2,'','','Ikasten.IO &#8211; Learning, Aprendiendo','','','','','','');
INSERT INTO "scans" VALUES (803,63,1578,2,'','','link','','','','','','');
INSERT INTO "scans" VALUES (804,63,1716,2,'5.5.3','','','','','','','','');
INSERT INTO "scans" VALUES (805,64,90,1,'2.4.41','','','','','','','','');
INSERT INTO "scans" VALUES (806,64,332,1,'','','UKRAINE','','','','UA','','');
INSERT INTO "scans" VALUES (807,64,616,1,'','Ubuntu Linux','Apache/2.4.41 (Ubuntu)','','','','','','');
INSERT INTO "scans" VALUES (808,64,694,1,'','','95.216.157.127','','','','','','');
INSERT INTO "scans" VALUES (809,64,1272,1,'','','https://ikasten.io/','','','','','','');
INSERT INTO "scans" VALUES (810,64,1528,1,'','','301 Moved Permanently','','','','','','');
INSERT INTO "scans" VALUES (811,64,90,2,'2.4.41','','','','','','','','');
INSERT INTO "scans" VALUES (812,64,332,2,'','','UKRAINE','','','','UA','','');
INSERT INTO "scans" VALUES (813,64,455,2,'','','admin@domain.admi,guest@where.ever','','','','','','');
INSERT INTO "scans" VALUES (814,64,613,2,'','','','','','','','','');
INSERT INTO "scans" VALUES (815,64,616,2,'','Ubuntu Linux','Apache/2.4.41 (Ubuntu)','','','','','','');
INSERT INTO "scans" VALUES (816,64,694,2,'','','95.216.157.127','','','','','','');
INSERT INTO "scans" VALUES (817,64,733,2,'','','','','','','','','');
INSERT INTO "scans" VALUES (818,64,856,2,'','','WordPress 5.5.3','','','','','','');
INSERT INTO "scans" VALUES (819,64,1025,2,'website','','','','','','','','');
INSERT INTO "scans" VALUES (820,64,1318,2,'','','text/javascript','','','','','','');
INSERT INTO "scans" VALUES (821,64,1528,2,'','','Ikasten.IO &#8211; Learning, Aprendiendo','','','','','','');
INSERT INTO "scans" VALUES (822,64,1578,2,'','','link','','','','','','');
INSERT INTO "scans" VALUES (823,64,1716,2,'5.5.3','','','','','','','','');
INSERT INTO "scans" VALUES (824,65,332,5,'','','UNITED STATES','','','','US','','');
INSERT INTO "scans" VALUES (825,65,616,5,'','','gws','','','','','','');
INSERT INTO "scans" VALUES (826,65,694,5,'','','216.58.201.174','','','','','','');
INSERT INTO "scans" VALUES (827,65,1272,5,'','','http://www.google.com/','','','','','','');
INSERT INTO "scans" VALUES (828,65,1528,5,'','','301 Moved','','','','','','');
INSERT INTO "scans" VALUES (829,65,1741,5,'','','SAMEORIGIN','','','','','','');
INSERT INTO "scans" VALUES (830,65,1749,5,'','','0','','','','','','');
INSERT INTO "scans" VALUES (831,65,328,6,'','','NID','','','','','','');
INSERT INTO "scans" VALUES (832,65,332,6,'','','UNITED STATES','','','','US','','');
INSERT INTO "scans" VALUES (833,65,613,6,'','','','','','','','','');
INSERT INTO "scans" VALUES (834,65,616,6,'','','gws','','','','','','');
INSERT INTO "scans" VALUES (835,65,618,6,'','','NID','','','','','','');
INSERT INTO "scans" VALUES (836,65,694,6,'','','216.58.209.68','','','','','','');
INSERT INTO "scans" VALUES (837,65,1318,6,'','','','','','','','','');
INSERT INTO "scans" VALUES (838,65,1528,6,'','','Google','','','','','','');
INSERT INTO "scans" VALUES (839,65,1741,6,'','','SAMEORIGIN','','','','','','');
INSERT INTO "scans" VALUES (840,65,1749,6,'','','0','','','','','','');
INSERT INTO "scans" VALUES (841,66,328,29,'','','prov','','','','','','');
INSERT INTO "scans" VALUES (842,66,332,29,'','','UNITED STATES','','','','US','','');
INSERT INTO "scans" VALUES (843,66,616,29,'','','Microsoft-IIS/10.0','','','','','','');
INSERT INTO "scans" VALUES (844,66,618,29,'','','prov','','','','','','');
INSERT INTO "scans" VALUES (845,66,694,29,'','','151.101.1.69','','','','','','');
INSERT INTO "scans" VALUES (846,66,868,29,'10.0','','','','','','','','');
INSERT INTO "scans" VALUES (847,66,1272,29,'','','https://stackoverflow.com/','','','','','','');
INSERT INTO "scans" VALUES (848,66,1578,29,'','','x-flags,x-aspnet-duration-ms,x-request-guid,x-is-crawler,x-providence-cookie,feature-policy,content-security-policy,x-served-by,x-cache-hits,x-timer,x-dns-prefetch-control','','','','','','');
INSERT INTO "scans" VALUES (849,66,1600,29,'','','1.1 varnish','','','','','','');
INSERT INTO "scans" VALUES (850,66,328,30,'','','prov','','','','','','');
INSERT INTO "scans" VALUES (851,66,332,30,'','','UNITED STATES','','','','US','','');
INSERT INTO "scans" VALUES (852,66,455,30,'','','apple-touch-icon@2.png','','','','','','');
INSERT INTO "scans" VALUES (853,66,613,30,'','','','','','','','','');
INSERT INTO "scans" VALUES (854,66,616,30,'','','Microsoft-IIS/10.0','','','','','','');
INSERT INTO "scans" VALUES (855,66,618,30,'','','prov','','','','','','');
INSERT INTO "scans" VALUES (856,66,694,30,'','','151.101.129.69','','','','','','');
INSERT INTO "scans" VALUES (857,66,733,30,'1.12.4','','','','','','','','');
INSERT INTO "scans" VALUES (858,66,868,30,'10.0','','','','','','','','');
INSERT INTO "scans" VALUES (859,66,1025,30,'','','','','','','','','');
INSERT INTO "scans" VALUES (860,66,1045,30,'','','/opensearch.xml','','','','','','');
INSERT INTO "scans" VALUES (861,66,1318,30,'','','','','','','','','');
INSERT INTO "scans" VALUES (862,66,1438,30,'','','','','','','','','');
INSERT INTO "scans" VALUES (863,66,1447,30,'','','max-age=15552000','','','','','','');
INSERT INTO "scans" VALUES (864,66,1528,30,'','','Stack Overflow - Where Developers Learn, Share, &amp; Build Careers','','','','','','');
INSERT INTO "scans" VALUES (865,66,1578,30,'','','x-route-name,x-flags,x-aspnet-duration-ms,x-request-guid,x-is-crawler,x-providence-cookie,feature-policy,content-security-policy,x-page-view,x-served-by,x-cache-hits,x-timer,x-dns-prefetch-control','','','','','','');
INSERT INTO "scans" VALUES (866,66,1600,30,'','','1.1 varnish','','','','','','');
INSERT INTO "scans" VALUES (867,66,1741,30,'','','SAMEORIGIN','','','','','','');
INSERT INTO "scans" VALUES (868,67,90,1,'2.4.41','','','','','','','','');
INSERT INTO "scans" VALUES (869,67,332,1,'','','UKRAINE','','','','UA','','');
INSERT INTO "scans" VALUES (870,67,616,1,'','Ubuntu Linux','Apache/2.4.41 (Ubuntu)','','','','','','');
INSERT INTO "scans" VALUES (871,67,694,1,'','','95.216.157.127','','','','','','');
INSERT INTO "scans" VALUES (872,67,1272,1,'','','https://ikasten.io/','','','','','','');
INSERT INTO "scans" VALUES (873,67,1528,1,'','','301 Moved Permanently','','','','','','');
INSERT INTO "scans" VALUES (874,67,90,2,'2.4.41','','','','','','','','');
INSERT INTO "scans" VALUES (875,67,332,2,'','','UKRAINE','','','','UA','','');
INSERT INTO "scans" VALUES (876,67,455,2,'','','admin@domain.admi,guest@where.ever','','','','','','');
INSERT INTO "scans" VALUES (877,67,613,2,'','','','','','','','','');
INSERT INTO "scans" VALUES (878,67,616,2,'','Ubuntu Linux','Apache/2.4.41 (Ubuntu)','','','','','','');
INSERT INTO "scans" VALUES (879,67,694,2,'','','95.216.157.127','','','','','','');
INSERT INTO "scans" VALUES (880,67,733,2,'','','','','','','','','');
INSERT INTO "scans" VALUES (881,67,856,2,'','','WordPress 5.5.3','','','','','','');
INSERT INTO "scans" VALUES (882,67,1025,2,'website','','','','','','','','');
INSERT INTO "scans" VALUES (883,67,1318,2,'','','text/javascript','','','','','','');
INSERT INTO "scans" VALUES (884,67,1528,2,'','','Ikasten.IO &#8211; Learning, Aprendiendo','','','','','','');
INSERT INTO "scans" VALUES (885,67,1578,2,'','','link','','','','','','');
INSERT INTO "scans" VALUES (886,67,1716,2,'5.5.3','','','','','','','','');
INSERT INTO "scans" VALUES (887,68,90,1,'2.4.41','','','','','','','','');
INSERT INTO "scans" VALUES (888,68,332,1,'','','UKRAINE','','','','UA','','');
INSERT INTO "scans" VALUES (889,68,616,1,'','Ubuntu Linux','Apache/2.4.41 (Ubuntu)','','','','','','');
INSERT INTO "scans" VALUES (890,68,694,1,'','','95.216.157.127','','','','','','');
INSERT INTO "scans" VALUES (891,68,1272,1,'','','https://ikasten.io/','','','','','','');
INSERT INTO "scans" VALUES (892,68,1528,1,'','','301 Moved Permanently','','','','','','');
INSERT INTO "scans" VALUES (893,68,90,2,'2.4.41','','','','','','','','');
INSERT INTO "scans" VALUES (894,68,332,2,'','','UKRAINE','','','','UA','','');
INSERT INTO "scans" VALUES (895,68,455,2,'','','admin@domain.admi,guest@where.ever','','','','','','');
INSERT INTO "scans" VALUES (896,68,613,2,'','','','','','','','','');
INSERT INTO "scans" VALUES (897,68,616,2,'','Ubuntu Linux','Apache/2.4.41 (Ubuntu)','','','','','','');
INSERT INTO "scans" VALUES (898,68,694,2,'','','95.216.157.127','','','','','','');
INSERT INTO "scans" VALUES (899,68,733,2,'','','','','','','','','');
INSERT INTO "scans" VALUES (900,68,856,2,'','','WordPress 5.5.3','','','','','','');
INSERT INTO "scans" VALUES (901,68,1025,2,'website','','','','','','','','');
INSERT INTO "scans" VALUES (902,68,1318,2,'','','text/javascript','','','','','','');
INSERT INTO "scans" VALUES (903,68,1528,2,'','','Ikasten.IO &#8211; Learning, Aprendiendo','','','','','','');
INSERT INTO "scans" VALUES (904,68,1578,2,'','','link','','','','','','');
INSERT INTO "scans" VALUES (905,68,1716,2,'5.5.3','','','','','','','','');
INSERT INTO "scans" VALUES (906,69,90,1,'2.4.41','','','','','','','','');
INSERT INTO "scans" VALUES (907,69,332,1,'','','UKRAINE','','','','UA','','');
INSERT INTO "scans" VALUES (908,69,616,1,'','Ubuntu Linux','Apache/2.4.41 (Ubuntu)','','','','','','');
INSERT INTO "scans" VALUES (909,69,694,1,'','','95.216.157.127','','','','','','');
INSERT INTO "scans" VALUES (910,69,1272,1,'','','https://ikasten.io/','','','','','','');
INSERT INTO "scans" VALUES (911,69,1528,1,'','','301 Moved Permanently','','','','','','');
INSERT INTO "scans" VALUES (912,69,90,2,'2.4.41','','','','','','','','');
INSERT INTO "scans" VALUES (913,69,332,2,'','','UKRAINE','','','','UA','','');
INSERT INTO "scans" VALUES (914,69,455,2,'','','admin@domain.admi,guest@where.ever','','','','','','');
INSERT INTO "scans" VALUES (915,69,613,2,'','','','','','','','','');
INSERT INTO "scans" VALUES (916,69,616,2,'','Ubuntu Linux','Apache/2.4.41 (Ubuntu)','','','','','','');
INSERT INTO "scans" VALUES (917,69,694,2,'','','95.216.157.127','','','','','','');
INSERT INTO "scans" VALUES (918,69,733,2,'','','','','','','','','');
INSERT INTO "scans" VALUES (919,69,856,2,'','','WordPress 5.5.3','','','','','','');
INSERT INTO "scans" VALUES (920,69,1025,2,'website','','','','','','','','');
INSERT INTO "scans" VALUES (921,69,1318,2,'','','text/javascript','','','','','','');
INSERT INTO "scans" VALUES (922,69,1528,2,'','','Ikasten.IO &#8211; Learning, Aprendiendo','','','','','','');
INSERT INTO "scans" VALUES (923,69,1578,2,'','','link','','','','','','');
INSERT INTO "scans" VALUES (924,69,1716,2,'5.5.3','','','','','','','','');
INSERT INTO "scans" VALUES (925,70,90,1,'2.4.41','','','','','','','','');
INSERT INTO "scans" VALUES (926,70,332,1,'','','UKRAINE','','','','UA','','');
INSERT INTO "scans" VALUES (927,70,616,1,'','Ubuntu Linux','Apache/2.4.41 (Ubuntu)','','','','','','');
INSERT INTO "scans" VALUES (928,70,694,1,'','','95.216.157.127','','','','','','');
INSERT INTO "scans" VALUES (929,70,1272,1,'','','https://ikasten.io/','','','','','','');
INSERT INTO "scans" VALUES (930,70,1528,1,'','','301 Moved Permanently','','','','','','');
INSERT INTO "scans" VALUES (931,70,90,2,'2.4.41','','','','','','','','');
INSERT INTO "scans" VALUES (932,70,332,2,'','','UKRAINE','','','','UA','','');
INSERT INTO "scans" VALUES (933,70,455,2,'','','admin@domain.admi,guest@where.ever','','','','','','');
INSERT INTO "scans" VALUES (934,70,613,2,'','','','','','','','','');
INSERT INTO "scans" VALUES (935,70,616,2,'','Ubuntu Linux','Apache/2.4.41 (Ubuntu)','','','','','','');
INSERT INTO "scans" VALUES (936,70,694,2,'','','95.216.157.127','','','','','','');
INSERT INTO "scans" VALUES (937,70,733,2,'','','','','','','','','');
INSERT INTO "scans" VALUES (938,70,856,2,'','','WordPress 5.5.3','','','','','','');
INSERT INTO "scans" VALUES (939,70,1025,2,'website','','','','','','','','');
INSERT INTO "scans" VALUES (940,70,1318,2,'','','text/javascript','','','','','','');
INSERT INTO "scans" VALUES (941,70,1528,2,'','','Ikasten.IO &#8211; Learning, Aprendiendo','','','','','','');
INSERT INTO "scans" VALUES (942,70,1578,2,'','','link','','','','','','');
INSERT INTO "scans" VALUES (943,70,1716,2,'5.5.3','','','','','','','','');
INSERT INTO "scans" VALUES (944,71,328,57,'','','guest_id,personalization_id','','','','','','');
INSERT INTO "scans" VALUES (945,71,332,57,'','','RESERVED','','','','ZZ','','');
INSERT INTO "scans" VALUES (946,71,616,57,'','','tsa_f','','','','','','');
INSERT INTO "scans" VALUES (947,71,694,57,'','','104.244.42.193','','','','','','');
INSERT INTO "scans" VALUES (948,71,1272,57,'','','https://twitter.com/','','','','','','');
INSERT INTO "scans" VALUES (949,71,1578,57,'','','x-connection-hash,x-response-time','','','','','','');
INSERT INTO "scans" VALUES (950,71,328,58,'','','guest_id,personalization_id','','','','','','');
INSERT INTO "scans" VALUES (951,71,332,58,'','','RESERVED','','','','ZZ','','');
INSERT INTO "scans" VALUES (952,71,613,58,'','','','','','','','','');
INSERT INTO "scans" VALUES (953,71,616,58,'','','tsa_f','','','','','','');
INSERT INTO "scans" VALUES (954,71,694,58,'','','104.244.42.129','','','','','','');
INSERT INTO "scans" VALUES (955,71,1025,58,'','','','','','','2231777543','','');
INSERT INTO "scans" VALUES (956,71,1045,58,'','','/opensearch.xml','','','','','','');
INSERT INTO "scans" VALUES (957,71,1318,58,'','','text/javascript','','','','','','');
INSERT INTO "scans" VALUES (958,71,1447,58,'','','max-age=631138519','','','','','','');
INSERT INTO "scans" VALUES (959,71,1578,58,'','','content-security-policy,cross-origin-opener-policy,expiry,x-connection-hash,x-content-type-options,x-response-time','','','','','','');
INSERT INTO "scans" VALUES (960,71,1741,58,'','','DENY','','','','','','');
INSERT INTO "scans" VALUES (961,71,1746,58,'','','Express','','','','','','');
INSERT INTO "scans" VALUES (962,71,1749,58,'','','0','','','','','','');
INSERT INTO "scans" VALUES (963,72,90,1,'2.4.41','','','','','','','','');
INSERT INTO "scans" VALUES (964,72,332,1,'','','UKRAINE','','','','UA','','');
INSERT INTO "scans" VALUES (965,72,616,1,'','Ubuntu Linux','Apache/2.4.41 (Ubuntu)','','','','','','');
INSERT INTO "scans" VALUES (966,72,694,1,'','','95.216.157.127','','','','','','');
INSERT INTO "scans" VALUES (967,72,1272,1,'','','https://ikasten.io/','','','','','','');
INSERT INTO "scans" VALUES (968,72,1528,1,'','','301 Moved Permanently','','','','','','');
INSERT INTO "scans" VALUES (969,72,90,2,'2.4.41','','','','','','','','');
INSERT INTO "scans" VALUES (970,72,332,2,'','','UKRAINE','','','','UA','','');
INSERT INTO "scans" VALUES (971,72,455,2,'','','admin@domain.admi,guest@where.ever','','','','','','');
INSERT INTO "scans" VALUES (972,72,613,2,'','','','','','','','','');
INSERT INTO "scans" VALUES (973,72,616,2,'','Ubuntu Linux','Apache/2.4.41 (Ubuntu)','','','','','','');
INSERT INTO "scans" VALUES (974,72,694,2,'','','95.216.157.127','','','','','','');
INSERT INTO "scans" VALUES (975,72,733,2,'','','','','','','','','');
INSERT INTO "scans" VALUES (976,72,856,2,'','','WordPress 5.5.3','','','','','','');
INSERT INTO "scans" VALUES (977,72,1025,2,'website','','','','','','','','');
INSERT INTO "scans" VALUES (978,72,1318,2,'','','text/javascript','','','','','','');
INSERT INTO "scans" VALUES (979,72,1528,2,'','','Ikasten.IO &#8211; Learning, Aprendiendo','','','','','','');
INSERT INTO "scans" VALUES (980,72,1578,2,'','','link','','','','','','');
INSERT INTO "scans" VALUES (981,72,1716,2,'5.5.3','','','','','','','','');
INSERT INTO "scans" VALUES (982,73,332,5,'','','UNITED STATES','','','','US','','');
INSERT INTO "scans" VALUES (983,73,616,5,'','','gws','','','','','','');
INSERT INTO "scans" VALUES (984,73,694,5,'','','216.58.201.174','','','','','','');
INSERT INTO "scans" VALUES (985,73,1272,5,'','','http://www.google.com/','','','','','','');
INSERT INTO "scans" VALUES (986,73,1528,5,'','','301 Moved','','','','','','');
INSERT INTO "scans" VALUES (987,73,1741,5,'','','SAMEORIGIN','','','','','','');
INSERT INTO "scans" VALUES (988,73,1749,5,'','','0','','','','','','');
INSERT INTO "scans" VALUES (989,73,328,6,'','','NID','','','','','','');
INSERT INTO "scans" VALUES (990,73,332,6,'','','UNITED STATES','','','','US','','');
INSERT INTO "scans" VALUES (991,73,613,6,'','','','','','','','','');
INSERT INTO "scans" VALUES (992,73,616,6,'','','gws','','','','','','');
INSERT INTO "scans" VALUES (993,73,618,6,'','','NID','','','','','','');
INSERT INTO "scans" VALUES (994,73,694,6,'','','216.58.209.68','','','','','','');
INSERT INTO "scans" VALUES (995,73,1318,6,'','','','','','','','','');
INSERT INTO "scans" VALUES (996,73,1528,6,'','','Google','','','','','','');
INSERT INTO "scans" VALUES (997,73,1741,6,'','','SAMEORIGIN','','','','','','');
INSERT INTO "scans" VALUES (998,73,1749,6,'','','0','','','','','','');
INSERT INTO "scans" VALUES (999,74,328,29,'','','prov','','','','','','');
INSERT INTO "scans" VALUES (1000,74,332,29,'','','UNITED STATES','','','','US','','');
INSERT INTO "scans" VALUES (1001,74,616,29,'','','Microsoft-IIS/10.0','','','','','','');
INSERT INTO "scans" VALUES (1002,74,618,29,'','','prov','','','','','','');
INSERT INTO "scans" VALUES (1003,74,694,29,'','','151.101.1.69','','','','','','');
INSERT INTO "scans" VALUES (1004,74,868,29,'10.0','','','','','','','','');
INSERT INTO "scans" VALUES (1005,74,1272,29,'','','https://stackoverflow.com/','','','','','','');
INSERT INTO "scans" VALUES (1006,74,1578,29,'','','x-flags,x-aspnet-duration-ms,x-request-guid,x-is-crawler,x-providence-cookie,feature-policy,content-security-policy,x-served-by,x-cache-hits,x-timer,x-dns-prefetch-control','','','','','','');
INSERT INTO "scans" VALUES (1007,74,1600,29,'','','1.1 varnish','','','','','','');
INSERT INTO "scans" VALUES (1008,74,328,30,'','','prov','','','','','','');
INSERT INTO "scans" VALUES (1009,74,332,30,'','','UNITED STATES','','','','US','','');
INSERT INTO "scans" VALUES (1010,74,455,30,'','','apple-touch-icon@2.png','','','','','','');
INSERT INTO "scans" VALUES (1011,74,613,30,'','','','','','','','','');
INSERT INTO "scans" VALUES (1012,74,616,30,'','','Microsoft-IIS/10.0','','','','','','');
INSERT INTO "scans" VALUES (1013,74,618,30,'','','prov','','','','','','');
INSERT INTO "scans" VALUES (1014,74,694,30,'','','151.101.65.69','','','','','','');
INSERT INTO "scans" VALUES (1015,74,733,30,'1.12.4','','','','','','','','');
INSERT INTO "scans" VALUES (1016,74,868,30,'10.0','','','','','','','','');
INSERT INTO "scans" VALUES (1017,74,1025,30,'','','','','','','','','');
INSERT INTO "scans" VALUES (1018,74,1045,30,'','','/opensearch.xml','','','','','','');
INSERT INTO "scans" VALUES (1019,74,1318,30,'','','','','','','','','');
INSERT INTO "scans" VALUES (1020,74,1438,30,'','','','','','','','','');
INSERT INTO "scans" VALUES (1021,74,1447,30,'','','max-age=15552000','','','','','','');
INSERT INTO "scans" VALUES (1022,74,1528,30,'','','Stack Overflow - Where Developers Learn, Share, &amp; Build Careers','','','','','','');
INSERT INTO "scans" VALUES (1023,74,1578,30,'','','x-route-name,x-flags,x-aspnet-duration-ms,x-request-guid,x-is-crawler,x-providence-cookie,feature-policy,content-security-policy,x-page-view,x-served-by,x-cache-hits,x-timer,x-dns-prefetch-control','','','','','','');
INSERT INTO "scans" VALUES (1024,74,1600,30,'','','1.1 varnish','','','','','','');
INSERT INTO "scans" VALUES (1025,74,1741,30,'','','SAMEORIGIN','','','','','','');
INSERT INTO "scans" VALUES (1026,75,90,65,'','','','','','','','','');
INSERT INTO "scans" VALUES (1027,75,332,65,'','','SPAIN','','','','ES','','');
INSERT INTO "scans" VALUES (1028,75,613,65,'','','','','','','','','');
INSERT INTO "scans" VALUES (1029,75,616,65,'','','Apache','','','','','','');
INSERT INTO "scans" VALUES (1030,75,694,65,'','','82.98.136.239','','','','','','');
INSERT INTO "scans" VALUES (1031,75,733,65,'','','','','','','','','');
INSERT INTO "scans" VALUES (1032,75,856,65,'','','WPML ver:4.3.12 stt:16,1,2;,WordPress 5.4.4','','','','','','');
INSERT INTO "scans" VALUES (1033,75,900,65,'custom.min','','','','','','','','');
INSERT INTO "scans" VALUES (1034,75,1025,65,'website','','','','','','','','');
INSERT INTO "scans" VALUES (1035,75,1318,65,'','','application/ld+json,text/javascript','','','','','','');
INSERT INTO "scans" VALUES (1036,75,1528,65,'','','Home - S&amp;F','','','','','','');
INSERT INTO "scans" VALUES (1037,75,1578,65,'','','link','','','','','','');
INSERT INTO "scans" VALUES (1038,75,1716,65,'5.4.4','','','','','','','','');
INSERT INTO "scans" VALUES (1039,75,1747,65,'','','IE=edge','','','','','','');
INSERT INTO "scans" VALUES (1040,76,332,66,'','','SPAIN','','','','ES','','');
INSERT INTO "scans" VALUES (1041,76,613,66,'','','','','','','','','');
INSERT INTO "scans" VALUES (1042,76,616,66,'','','Microsoft-IIS/8.0','','','','','','');
INSERT INTO "scans" VALUES (1043,76,694,66,'','','217.76.132.149','','','','','','');
INSERT INTO "scans" VALUES (1044,76,733,66,'','','','','','','','','');
INSERT INTO "scans" VALUES (1045,76,856,66,'','','WordPress 5.3.2','','','','','','');
INSERT INTO "scans" VALUES (1046,76,868,66,'8.0','','','','','','','','');
INSERT INTO "scans" VALUES (1047,76,1025,66,'article,website','','','','','','','','');
INSERT INTO "scans" VALUES (1048,76,1123,66,'5.6.36,','','','','','','','','');
INSERT INTO "scans" VALUES (1049,76,1318,66,'','','text/javascript','','','','','','');
INSERT INTO "scans" VALUES (1050,76,1528,66,'','','Ajebask &#8211; Asociacin de Jvenes Empresarios de lava','','','','','','');
INSERT INTO "scans" VALUES (1051,76,1715,66,'','','','','','','','','');
INSERT INTO "scans" VALUES (1052,76,1716,66,'5.3.2','','','','','','','','');
INSERT INTO "scans" VALUES (1053,76,1746,66,'','','PHP/5.6.36, ASP.NET','','','','','','');
INSERT INTO "scans" VALUES (1054,77,1528,67,'','','403 Forbidden','','','','Title element contains newline(s)!','','');
INSERT INTO "scans" VALUES (1055,77,1749,67,'','','1; mode=block','','','','','','');
INSERT INTO "scans" VALUES (1056,77,803,67,'','','','','','','','','');
INSERT INTO "scans" VALUES (1057,77,613,67,'','','','','','','','','');
INSERT INTO "scans" VALUES (1058,77,616,67,'','','LiteSpeed','','','','','','');
INSERT INTO "scans" VALUES (1059,77,1741,67,'','','SAMEORIGIN','','','','','','');
INSERT INTO "scans" VALUES (1060,77,332,67,'','','UNITED STATES','','','','US','','');
INSERT INTO "scans" VALUES (1061,77,694,67,'','','72.29.124.146','','','','','','');
INSERT INTO "scans" VALUES (1062,77,1447,67,'','','max-age=31536000; includeSubDomains','','','','','','');
INSERT INTO "scans" VALUES (1063,77,1578,67,'','','x-content-type-options,referrer-policy,content-security-policy,alt-svc','','','','','','');
INSERT INTO "scans" VALUES (1064,78,1528,68,'','','302 Found','','','','','','');
INSERT INTO "scans" VALUES (1065,78,1272,68,'','','https://www.liptonicetea.com/EN-Global/','','','','','','');
INSERT INTO "scans" VALUES (1066,78,90,68,'','','','','','','','','');
INSERT INTO "scans" VALUES (1067,78,616,68,'','','Apache','','','','','','');
INSERT INTO "scans" VALUES (1068,78,332,68,'','','UNITED STATES','','','','US','','');
INSERT INTO "scans" VALUES (1069,78,694,68,'','','184.25.39.37','','','','','','');
INSERT INTO "scans" VALUES (1070,79,1528,69,'','','301 Moved Permanently','','','','','','');
INSERT INTO "scans" VALUES (1071,79,1272,69,'','','https://www.lipton.com/gb/home.html','','','','','','');
INSERT INTO "scans" VALUES (1072,79,90,69,'','','','','','','','','');
INSERT INTO "scans" VALUES (1073,79,616,69,'','','Apache','','','','','','');
INSERT INTO "scans" VALUES (1074,79,332,69,'','','UNITED STATES','','','','US','','');
INSERT INTO "scans" VALUES (1075,79,694,69,'','','184.25.39.37','','','','','','');
INSERT INTO "scans" VALUES (1076,80,1318,70,'','','module/config,text/javascript','','','','','','');
INSERT INTO "scans" VALUES (1077,80,1528,70,'','','Welcome to Lipton Ice Tea','','','','','','');
INSERT INTO "scans" VALUES (1078,80,1025,70,'website','','','','','','','','');
INSERT INTO "scans" VALUES (1079,80,18,70,'','','POST, GET, PUT, OPTIONS, PATCH, DELETE','','','','','','');
INSERT INTO "scans" VALUES (1080,80,1747,70,'','','IE=edge','','','','','','');
INSERT INTO "scans" VALUES (1081,80,613,70,'','','','','','','','','');
INSERT INTO "scans" VALUES (1082,80,1741,70,'','','ALLOW-FROM http://www.lipton.com','','','','','','');
INSERT INTO "scans" VALUES (1083,80,332,70,'','','UNITED STATES','','','','US','','');
INSERT INTO "scans" VALUES (1084,80,694,70,'','','104.83.215.22','','','','','','');
INSERT INTO "scans" VALUES (1085,80,1578,70,'','','content-security-policy,access-control-allow-methods,access-control-allow-headers,access-control-allow-credentials,x-mod-pagespeed,x-cacheable,x-cache-server,x-cache-hits,x-akamai-transformed,server-timing,link,x-sapient','','','','','','');
INSERT INTO "scans" VALUES (1086,81,455,71,'','','&#99;lien&#116;es&#64;3db&#99;&#111;&#110;sult.&#99;om','','','','','','');
INSERT INTO "scans" VALUES (1087,81,1318,71,'','','application/ld+json,text/javascript','','','','','','');
INSERT INTO "scans" VALUES (1088,81,856,71,'','','WordPress 4.9.16','','','','','','');
INSERT INTO "scans" VALUES (1089,81,1528,71,'','','Home - 3dB Consult','','','','','','');
INSERT INTO "scans" VALUES (1090,81,1025,71,'website','','','','','','','','');
INSERT INTO "scans" VALUES (1091,81,1711,71,'7.5.0.4','','','','','','','','');
INSERT INTO "scans" VALUES (1092,81,1746,71,'','','Loading','','','','','','');
INSERT INTO "scans" VALUES (1093,81,981,71,'','','','','','','','','');
INSERT INTO "scans" VALUES (1094,81,613,71,'','','','','','','','','');
INSERT INTO "scans" VALUES (1095,81,616,71,'','','nginx','','','','','','');
INSERT INTO "scans" VALUES (1096,81,694,71,'','','185.47.247.169','','','','','','');
INSERT INTO "scans" VALUES (1097,81,733,71,'1.12.4','','','','','','','','');
INSERT INTO "scans" VALUES (1098,81,1716,71,'4.9.16','','','','','','','','');
INSERT INTO "scans" VALUES (1099,81,1578,71,'','','link','','','','','','');
INSERT INTO "scans" VALUES (1100,82,455,72,'','','info@ajeuskom.com','','','','','','');
INSERT INTO "scans" VALUES (1101,82,1318,72,'','','text/javascript','','','','','','');
INSERT INTO "scans" VALUES (1102,82,856,72,'','','Joomla! - Open Source Content Management','','','','','','');
INSERT INTO "scans" VALUES (1103,82,618,72,'','','633ba31e970188ac6ea8cdbe1333522a','','','','','','');
INSERT INTO "scans" VALUES (1104,82,328,72,'','','633ba31e970188ac6ea8cdbe1333522a','','','','','','');
INSERT INTO "scans" VALUES (1105,82,1528,72,'','','ajeuskom.com','','','','','','');
INSERT INTO "scans" VALUES (1106,82,732,72,'','','','','','','','','25');
INSERT INTO "scans" VALUES (1107,82,616,72,'','','HTTPd','','','','','','');
INSERT INTO "scans" VALUES (1108,82,332,72,'','','SPAIN','','','','ES','','');
INSERT INTO "scans" VALUES (1109,82,694,72,'','','82.98.136.73','','','','','','');
INSERT INTO "scans" VALUES (1110,82,733,72,'','','','','','','','','');
INSERT INTO "scans" VALUES (1111,83,1318,73,'','','text/javascript','','','','','','');
INSERT INTO "scans" VALUES (1112,83,322,73,'','','en','','','','','','');
INSERT INTO "scans" VALUES (1113,83,856,73,'','','Drupal 7 (http://drupal.org)','','','','','','');
INSERT INTO "scans" VALUES (1114,83,328,73,'','','kppid','','','','','','');
INSERT INTO "scans" VALUES (1115,83,1528,73,'','','The Hill - covering Congress, Politics, Political Campaigns and Capitol Hill','','','','','','');
INSERT INTO "scans" VALUES (1116,83,1025,73,'website','','','1531470032,581787871,732535504','','','566538590082898','','');
INSERT INTO "scans" VALUES (1117,83,1600,73,'','','1.1 varnish, 1.1 varnish','','','','','','');
INSERT INTO "scans" VALUES (1118,83,18,73,'','','GET','','','','','','');
INSERT INTO "scans" VALUES (1119,83,1746,73,'','','PHP/7.3.23','','','','','','');
INSERT INTO "scans" VALUES (1120,83,981,73,'','','','','','','','','');
INSERT INTO "scans" VALUES (1121,83,414,73,'','','','','','','','','');
INSERT INTO "scans" VALUES (1122,83,1747,73,'','','IE=edge,chrome=1','','','','','','');
INSERT INTO "scans" VALUES (1123,83,33,73,'','','','','','','','','');
INSERT INTO "scans" VALUES (1124,83,616,73,'','','nginx','','','','','','');
INSERT INTO "scans" VALUES (1125,83,1741,73,'','','SAMEORIGIN','','','','','','');
INSERT INTO "scans" VALUES (1126,83,332,73,'','','UNITED STATES','','','','US','','');
INSERT INTO "scans" VALUES (1127,83,1123,73,'7.3.23','','','','','','','','');
INSERT INTO "scans" VALUES (1128,83,694,73,'','','151.101.130.217','','','','','','');
INSERT INTO "scans" VALUES (1129,83,1447,73,'','','max-age=900','','','','','','');
INSERT INTO "scans" VALUES (1130,83,1578,73,'','','x-content-type-options,x-drupal-theme,access-control-allow-origin,access-control-allow-methods,x-drupal-amp,x-drupal-ff,x-drupal-ua-device,x-drupal-device,x-drupal-mobile,x-generator,link,x-served-by,x-cache-hits,x-timer,content-security-policy','','','','','','');
INSERT INTO "scans" VALUES (1131,84,1528,5,'','','301 Moved','','','','','','');
INSERT INTO "scans" VALUES (1132,84,1749,5,'','','0','','','','','','');
INSERT INTO "scans" VALUES (1133,84,1272,5,'','','http://www.google.com/','','','','','','');
INSERT INTO "scans" VALUES (1134,84,616,5,'','','gws','','','','','','');
INSERT INTO "scans" VALUES (1135,84,1741,5,'','','SAMEORIGIN','','','','','','');
INSERT INTO "scans" VALUES (1136,84,332,5,'','','UNITED STATES','','','','US','','');
INSERT INTO "scans" VALUES (1137,84,694,5,'','','216.58.211.238','','','','','','');
INSERT INTO "scans" VALUES (1138,85,1318,6,'','','','','','','','','');
INSERT INTO "scans" VALUES (1139,85,618,6,'','','NID','','','','','','');
INSERT INTO "scans" VALUES (1140,85,328,6,'','','NID','','','','','','');
INSERT INTO "scans" VALUES (1141,85,1528,6,'','','Google','','','','','','');
INSERT INTO "scans" VALUES (1142,85,1749,6,'','','0','','','','','','');
INSERT INTO "scans" VALUES (1143,85,613,6,'','','','','','','','','');
INSERT INTO "scans" VALUES (1144,85,616,6,'','','gws','','','','','','');
INSERT INTO "scans" VALUES (1145,85,1741,6,'','','SAMEORIGIN','','','','','','');
INSERT INTO "scans" VALUES (1146,85,332,6,'','','UNITED STATES','','','','US','','');
INSERT INTO "scans" VALUES (1147,85,694,6,'','','216.58.211.36','','','','','','');
INSERT INTO "scans" VALUES (1148,86,90,76,'','','','','','','','','');
INSERT INTO "scans" VALUES (1149,86,332,76,'','','SPAIN','','','','ES','','');
INSERT INTO "scans" VALUES (1150,86,613,76,'','','','','','','','','');
INSERT INTO "scans" VALUES (1151,86,616,76,'','','Apache','','','','','','');
INSERT INTO "scans" VALUES (1152,86,694,76,'','','82.98.136.239','','','','','','');
INSERT INTO "scans" VALUES (1153,86,733,76,'','','','','','','','','');
INSERT INTO "scans" VALUES (1154,86,856,76,'','','WPML ver:4.4.7 stt:16,1,2;,WordPress 5.5.3','','','','','','');
INSERT INTO "scans" VALUES (1155,86,900,76,'custom.min','','','','','','','','');
INSERT INTO "scans" VALUES (1156,86,1025,76,'website','','','','','','','','');
INSERT INTO "scans" VALUES (1157,86,1318,76,'','','application/ld+json,text/javascript','','','','','','');
INSERT INTO "scans" VALUES (1158,86,1528,76,'','','Home - S&amp;F','','','','','','');
INSERT INTO "scans" VALUES (1159,86,1578,76,'','','link','','','','','','');
INSERT INTO "scans" VALUES (1160,86,1716,76,'5.5.3','','','','','','','','');
INSERT INTO "scans" VALUES (1161,86,1747,76,'','','IE=edge','','','','','','');
INSERT INTO "request_configs" VALUES (1,'{"headers":{"User-Agent":"WhatWeb/0.5.0"}}');
INSERT INTO "request_configs" VALUES (2,'{"headers":{"User-Agent":"WhatWeb/0.5.0"}}');
INSERT INTO "request_configs" VALUES (3,'{"headers":{"User-Agent":"WhatWeb/0.5.0"}}');
INSERT INTO "request_configs" VALUES (4,'{"headers":{"User-Agent":"WhatWeb/0.5.0"}}');
INSERT INTO "request_configs" VALUES (5,'{"headers":{"User-Agent":"WhatWeb/0.5.0"}}');
INSERT INTO "request_configs" VALUES (6,'{"headers":{"User-Agent":"WhatWeb/0.5.0"}}');
INSERT INTO "request_configs" VALUES (7,'{"headers":{"User-Agent":"WhatWeb/0.5.0"}}');
INSERT INTO "request_configs" VALUES (8,'{"headers":{"User-Agent":"WhatWeb/0.5.0"}}');
INSERT INTO "request_configs" VALUES (9,'{"headers":{"User-Agent":"WhatWeb/0.5.0"}}');
INSERT INTO "request_configs" VALUES (10,'{"headers":{"User-Agent":"WhatWeb/0.5.0"}}');
INSERT INTO "request_configs" VALUES (11,'{"headers":{"User-Agent":"WhatWeb/0.5.0"}}');
INSERT INTO "request_configs" VALUES (12,'{"headers":{"User-Agent":"WhatWeb/0.5.0"}}');
INSERT INTO "request_configs" VALUES (13,'{"headers":{"User-Agent":"WhatWeb/0.5.0"}}');
INSERT INTO "request_configs" VALUES (14,'{"headers":{"User-Agent":"WhatWeb/0.5.0"}}');
INSERT INTO "request_configs" VALUES (15,'{"headers":{"User-Agent":"WhatWeb/0.5.0"}}');
INSERT INTO "request_configs" VALUES (16,'{"headers":{"User-Agent":"WhatWeb/0.5.0"}}');
INSERT INTO "request_configs" VALUES (17,'{"headers":{"User-Agent":"WhatWeb/0.5.0"}}');
INSERT INTO "request_configs" VALUES (18,'{"headers":{"User-Agent":"WhatWeb/0.5.0"}}');
INSERT INTO "request_configs" VALUES (19,'{"headers":{"User-Agent":"WhatWeb/0.5.0"}}');
INSERT INTO "request_configs" VALUES (20,'{"headers":{"User-Agent":"WhatWeb/0.5.0"}}');
INSERT INTO "request_configs" VALUES (21,'{"headers":{"User-Agent":"WhatWeb/0.5.0"}}');
INSERT INTO "request_configs" VALUES (22,'{"headers":{"User-Agent":"WhatWeb/0.5.0"}}');
INSERT INTO "request_configs" VALUES (23,'{"headers":{"User-Agent":"WhatWeb/0.5.0"}}');
INSERT INTO "request_configs" VALUES (24,'{"headers":{"User-Agent":"WhatWeb/0.5.0"}}');
INSERT INTO "request_configs" VALUES (25,'{"headers":{"User-Agent":"WhatWeb/0.5.0"}}');
INSERT INTO "request_configs" VALUES (26,'{"headers":{"User-Agent":"WhatWeb/0.5.0"}}');
INSERT INTO "request_configs" VALUES (27,'{"headers":{"User-Agent":"WhatWeb/0.5.0"}}');
INSERT INTO "request_configs" VALUES (28,'{"headers":{"User-Agent":"WhatWeb/0.5.0"}}');
INSERT INTO "request_configs" VALUES (29,'{"headers":{"User-Agent":"WhatWeb/0.5.0"}}');
INSERT INTO "request_configs" VALUES (30,'{"headers":{"User-Agent":"WhatWeb/0.5.0"}}');
INSERT INTO "request_configs" VALUES (31,'{"headers":{"User-Agent":"WhatWeb/0.5.0"}}');
INSERT INTO "request_configs" VALUES (32,'{"headers":{"User-Agent":"WhatWeb/0.5.0"}}');
INSERT INTO "request_configs" VALUES (33,'{"headers":{"User-Agent":"WhatWeb/0.5.0"}}');
INSERT INTO "request_configs" VALUES (34,'{"headers":{"User-Agent":"WhatWeb/0.5.0"}}');
INSERT INTO "request_configs" VALUES (35,'{"headers":{"User-Agent":"WhatWeb/0.5.0"}}');
INSERT INTO "request_configs" VALUES (36,'{"headers":{"User-Agent":"WhatWeb/0.5.0"}}');
INSERT INTO "request_configs" VALUES (37,'{"headers":{"User-Agent":"WhatWeb/0.5.0"}}');
INSERT INTO "request_configs" VALUES (38,'{"headers":{"User-Agent":"WhatWeb/0.5.0"}}');
INSERT INTO "request_configs" VALUES (39,'{"headers":{"User-Agent":"WhatWeb/0.5.0"}}');
INSERT INTO "request_configs" VALUES (40,'{"headers":{"User-Agent":"WhatWeb/0.5.0"}}');
INSERT INTO "request_configs" VALUES (41,'{"headers":{"User-Agent":"WhatWeb/0.5.0"}}');
INSERT INTO "request_configs" VALUES (42,'{"headers":{"User-Agent":"WhatWeb/0.5.0"}}');
INSERT INTO "request_configs" VALUES (43,'{"headers":{"User-Agent":"WhatWeb/0.5.0"}}');
INSERT INTO "request_configs" VALUES (44,'{"headers":{"User-Agent":"WhatWeb/0.5.0"}}');
INSERT INTO "request_configs" VALUES (45,'{"headers":{"User-Agent":"WhatWeb/0.5.0"}}');
INSERT INTO "request_configs" VALUES (46,'{"headers":{"User-Agent":"WhatWeb/0.5.0"}}');
INSERT INTO "request_configs" VALUES (47,'{"headers":{"User-Agent":"WhatWeb/0.5.0"}}');
INSERT INTO "request_configs" VALUES (48,'{"headers":{"User-Agent":"WhatWeb/0.5.0"}}');
INSERT INTO "request_configs" VALUES (49,'{"headers":{"User-Agent":"WhatWeb/0.5.0"}}');
INSERT INTO "request_configs" VALUES (50,'{"headers":{"User-Agent":"WhatWeb/0.5.0"}}');
INSERT INTO "request_configs" VALUES (51,'{"headers":{"User-Agent":"WhatWeb/0.5.0"}}');
INSERT INTO "request_configs" VALUES (52,'{"headers":{"User-Agent":"WhatWeb/0.5.0"}}');
INSERT INTO "request_configs" VALUES (53,'{"headers":{"User-Agent":"WhatWeb/0.5.0"}}');
INSERT INTO "request_configs" VALUES (54,'{"headers":{"User-Agent":"WhatWeb/0.5.0"}}');
INSERT INTO "request_configs" VALUES (55,'{"headers":{"User-Agent":"WhatWeb/0.5.0"}}');
INSERT INTO "request_configs" VALUES (56,'{"headers":{"User-Agent":"WhatWeb/0.5.0"}}');
INSERT INTO "request_configs" VALUES (57,'{"headers":{"User-Agent":"WhatWeb/0.5.0"}}');
INSERT INTO "request_configs" VALUES (58,'{"headers":{"User-Agent":"WhatWeb/0.5.0"}}');
INSERT INTO "request_configs" VALUES (59,'{"headers":{"User-Agent":"WhatWeb/0.5.0"}}');
INSERT INTO "request_configs" VALUES (60,'{"headers":{"User-Agent":"WhatWeb/0.5.0"}}');
INSERT INTO "request_configs" VALUES (61,'{"headers":{"User-Agent":"WhatWeb/0.5.0"}}');
INSERT INTO "request_configs" VALUES (62,'{"headers":{"User-Agent":"WhatWeb/0.5.0"}}');
INSERT INTO "request_configs" VALUES (63,'{"headers":{"User-Agent":"WhatWeb/0.5.0"}}');
INSERT INTO "request_configs" VALUES (64,'{"headers":{"User-Agent":"WhatWeb/0.5.0"}}');
INSERT INTO "request_configs" VALUES (65,'{"headers":{"User-Agent":"WhatWeb/0.5.0"}}');
INSERT INTO "request_configs" VALUES (66,'{"headers":{"User-Agent":"WhatWeb/0.5.0"}}');
INSERT INTO "request_configs" VALUES (67,'{"headers":{"User-Agent":"WhatWeb/0.5.0"}}');
INSERT INTO "request_configs" VALUES (68,'{"headers":{"User-Agent":"WhatWeb/0.5.0"}}');
INSERT INTO "request_configs" VALUES (69,'{"headers":{"User-Agent":"WhatWeb/0.5.0"}}');
INSERT INTO "request_configs" VALUES (70,'{"headers":{"User-Agent":"WhatWeb/0.5.0"}}');
INSERT INTO "request_configs" VALUES (71,'{"headers":{"User-Agent":"WhatWeb/0.5.0"}}');
INSERT INTO "request_configs" VALUES (72,'{"headers":{"User-Agent":"WhatWeb/0.5.0"}}');
INSERT INTO "request_configs" VALUES (73,'{"headers":{"User-Agent":"WhatWeb/0.5.0"}}');
INSERT INTO "request_configs" VALUES (74,'{"headers":{"User-Agent":"WhatWeb/0.5.0"}}');
INSERT INTO "request_configs" VALUES (75,'{"headers":{"User-Agent":"WhatWeb/0.5.0"}}');
INSERT INTO "request_configs" VALUES (76,'{"headers":{"User-Agent":"WhatWeb/0.5.0"}}');
INSERT INTO "request_configs" VALUES (77,'{"headers":{"User-Agent":"WhatWeb/0.4.9"}}');
INSERT INTO "request_configs" VALUES (78,'{"headers":{"User-Agent":"WhatWeb/0.4.9"}}');
INSERT INTO "request_configs" VALUES (79,'{"headers":{"User-Agent":"WhatWeb/0.4.9"}}');
INSERT INTO "request_configs" VALUES (80,'{"headers":{"User-Agent":"WhatWeb/0.4.9"}}');
INSERT INTO "request_configs" VALUES (81,'{"headers":{"User-Agent":"WhatWeb/0.4.9"}}');
INSERT INTO "request_configs" VALUES (82,'{"headers":{"User-Agent":"WhatWeb/0.4.9"}}');
INSERT INTO "request_configs" VALUES (83,'{"headers":{"User-Agent":"WhatWeb/0.4.9"}}');
INSERT INTO "request_configs" VALUES (84,'{"headers":{"User-Agent":"WhatWeb/0.4.9"}}');
INSERT INTO "request_configs" VALUES (85,'{"headers":{"User-Agent":"WhatWeb/0.4.9"}}');
INSERT INTO "request_configs" VALUES (86,'{"headers":{"User-Agent":"WhatWeb/0.5.0"}}');
INSERT INTO "targets" VALUES (1,'http://ikasten.io','301','2020-12-08');
INSERT INTO "targets" VALUES (2,'https://ikasten.io/','200','2020-12-08');
INSERT INTO "targets" VALUES (5,'http://google.com','301','2020-12-08');
INSERT INTO "targets" VALUES (6,'http://www.google.com/','200','2020-12-04');
INSERT INTO "targets" VALUES (29,'http://stackoverflow.com','301','2020-12-06');
INSERT INTO "targets" VALUES (30,'https://stackoverflow.com/','200','2020-12-04');
INSERT INTO "targets" VALUES (57,'http://twitter.com','301','2020-12-04');
INSERT INTO "targets" VALUES (58,'https://twitter.com/','200','2020-12-04');
INSERT INTO "targets" VALUES (65,'https://97sf.es','200','2020-12-06');
INSERT INTO "targets" VALUES (66,'http://ajebaskalava.es/','200','2020-12-06');
INSERT INTO "targets" VALUES (67,'https://www.joomla.org/','403','2020-12-08');
INSERT INTO "targets" VALUES (68,'http://www.liptonicetea.com/EN-Global/','302','2020-12-08');
INSERT INTO "targets" VALUES (69,'https://www.liptonicetea.com/EN-Global/','301','2020-12-08');
INSERT INTO "targets" VALUES (70,'https://www.lipton.com/gb/home.html','200','2020-12-08');
INSERT INTO "targets" VALUES (71,'https://3dbconsult.com/','200','2020-12-08');
INSERT INTO "targets" VALUES (72,'http://ajeuskom.com/','200','2020-12-06');
INSERT INTO "targets" VALUES (73,'https://thehill.com/','200','2020-12-06');
INSERT INTO "targets" VALUES (76,'https://97sf.es/','200','2020-12-08');
